food_item,category_name,spelling_reference
(Gemahlene) Nüsse,Backwaren,
(Hamburger)Brot,Backwaren,
(Hamburger)Brot (Bäcker),Backwaren,
(oder Fertig-Flammkuchen- oder Fertig-Pizzateig),Backwaren,
(oder Fertig-Pizzateig),Backwaren,
00 Pizzamehl Alnatura,Backwaren,
Agar Agar,Backwaren,
Agar-Agar,Backwaren,
Agar-Agar von Morga (erhältlich bei Coop) oder 1 ganzes Päckchen Agar-Agar von Patissier (erhältlich bei Migros)*,Backwaren,
Agavendicksaft,Backwaren,yes
Agavensirup,Backwaren,
Ahornsirup/Zucker,Backwaren,
altbackenes Semmeli,Backwaren,
Altbrot,Backwaren,
Amoniac,Backwaren,
Apfelringe,Backwaren,
Apfelringe getrocknet,Backwaren,
Aprikosentörtli,Backwaren,
Aroma aus Migros,Backwaren,
Aufbachbrote für Hotdog,Backwaren,
Aufback-Brötchen,Backwaren,
Aufbackgipfeli,Backwaren,
Aufbackgipfeli Silser,Backwaren,
Aufbacksemmeli,Backwaren,
Aufbackzopf,Backwaren,
Aufbackzüpfe,Backwaren,
Backaroma,Backwaren,yes
Backkakao,Backwaren,yes
Backkakaopulver,Backwaren,
Backnatron,Backwaren,
Backpulver,Backwaren,yes
Backsoda,Backwaren,
Backspray,Backwaren,
Backspray Dr Oetker,Backwaren,
Bagel,Backwaren,
Bagett,Backwaren,
Bagguettes,Backwaren,yes
Baguette,Backwaren,yes
Baguettes (je ca. 100 g),Backwaren,
Baguettes (je ca. 300 g),Backwaren,
Bauernbrot,Backwaren,
Bauernmehl,Backwaren,yes
Baugette,Backwaren,
Baumnuss gemahlen,Backwaren,
Birnbrotgewürz,Backwaren,yes
Birnenweggen-Füllung,Backwaren,
Birrenweggenfüllung Migros,Backwaren,
Biscuit,Backwaren,
Biscuit Tortenboden,Backwaren,
Biscuitboden,Backwaren,
Biskuitboden dunkel,Backwaren,
Biskuitboden hell,Backwaren,
Bittemandelaroma,Backwaren,
Bittermandelaroma,Backwaren,
blaue Lebensmittelfarbe,Backwaren,yes
Blätterteig,Backwaren,yes
Blätterteig-Pastetli,Backwaren,
Blätterteige rund,Backwaren,
Blätterteigpastetli,Backwaren,
Bosnaweckerl,Backwaren,
Bourbon-Vanillezucker,Backwaren,
Bourbon-Vanillezucker (ca. 8 g),Backwaren,
Bread Crumbs,Backwaren,
bread rolls (e.g. hot dog rolls or sandwich rolls),Backwaren,
Brot,Backwaren,yes
Brot/Baguette,Backwaren,
Brot/Zopf,Backwaren,
Brote burger,Backwaren,
Brotreste,Backwaren,
Brotresten,Backwaren,
Brotscheiben,Backwaren,yes
Brotwürfel,Backwaren,
Browniemischung,Backwaren,
Brownies Fertig Bachmischung,Backwaren,
Brötchen,Backwaren,
Brötchen (z.B. Bürli),Backwaren,
Brötchen Glutenfrei,Backwaren,
Brötchen glutenfrei \& vegan,Backwaren,
Brötli,Backwaren,yes
Buchweizenmehl,Backwaren,yes
Bun,Backwaren,yes
Buns,Backwaren,
Bunte Streussel,Backwaren,
Burger Brote,Backwaren,
Burger Brötchen,Backwaren,
Burger Brötchen gross,Backwaren,
Burger Bunns,Backwaren,
Burger Buns,Backwaren,
Burger-Brötchen,Backwaren,
Burger-Brötli,Backwaren,
Burger-Bun,Backwaren,
Burgerbrot,Backwaren,yes
Burgerbrötchen,Backwaren,yes
Burgerbrötli,Backwaren,
Burgerbrötli Glutenfrei,Backwaren,
Burgerbun,Backwaren,
Burgerg Buns,Backwaren,
Butterblätterteig,Backwaren,
Butterblätterteig ausgewallt rechteckig,Backwaren,
Bürgerbrote 10-12 cm Durchmesser,Backwaren,
Büürli,Backwaren,
Cake,Backwaren,yes
Cashew,Backwaren,
Cashew-Kerne,Backwaren,
Cashew-Nuss,Backwaren,
Cashewkerne,Backwaren,
Cashewkerne (Topping),Backwaren,
Cashewnüss,Backwaren,
Cashewnüsse,Backwaren,
Cashews,Backwaren,
Cashwes,Backwaren,
Chrustenkrank,Backwaren,yes
Coutons,Backwaren,
Cranberries,Backwaren,
Cranberrys,Backwaren,
Crepes,Backwaren,
Croissants,Backwaren,
Croutons,Backwaren,
Croutons (Brot),Backwaren,
"Croutons (Migros, M-Budget)",Backwaren,
Croûtons,Backwaren,
Dattel,Backwaren,
Datteln,Backwaren,
Datteln (entseint),Backwaren,
Datteln entsteint (M-Budget) à 250g,Backwaren,
Dawa pulver Vanielle,Backwaren,
Dekostreusel,Backwaren,
Dinkel,Backwaren,yes
Dinkelbaguette,Backwaren,
Dinkelbrot,Backwaren,
Dinkelmehl,Backwaren,yes
Dinkelpizzateig,Backwaren,
Dinkelzopf,Backwaren,
Dinklschrot/Dinkelmehl,Backwaren,
diverses für Mini-Sandwiches,Backwaren,
Dr Oetker Schoggistreussel,Backwaren,
Dr. Oetker Aroma Rum,Backwaren,
Dr. Oetker Crème Fix Chocolat,Backwaren,
Dönerbrot,Backwaren,
Dönerfladen,Backwaren,
Dörfrüchte gemischt,Backwaren,
Dörraprikosen,Backwaren,
Dörrfrüchte,Backwaren,
Dörrpflaumen,Backwaren,
Dürüm,Backwaren,
Dürümfladen,Backwaren,yes
Edelhefe,Backwaren,
Eiersatzpulver,Backwaren,
Essbarer Glitzer,Backwaren,
Essglitzer,Backwaren,
evtl. glutenfreies Muffin (1 Stk),Backwaren,
evtl. Kleine Linzertörtli (3 Stk),Backwaren,
Farbige Streusel,Backwaren,
Feigen getrocknet,Backwaren,
feines Maismehl,Backwaren,
Fertig kuchen,Backwaren,
Fertig-Pizzateig,Backwaren,
Fertige Kuchenböden,Backwaren,
Fertigmischung Brownies,Backwaren,
Filoteig,Backwaren,yes
Fladenbrot,Backwaren,
Fladenbrot gehackt,Backwaren,
Fladenbrot Gross,Backwaren,
Fladenbrote,Backwaren,yes
Flohsamenschalenpulver,Backwaren,
Flour,Backwaren,
Flutes (M-Budget) à 150g,Backwaren,
Flutes gesalzen,Backwaren,
Fondant,Backwaren,
Fonduebrot,Backwaren,
Fresh Yeast,Backwaren,
Frischback Knoblauchbaguette,Backwaren,
Frischbackflûtes,Backwaren,yes
Frischhefe,Backwaren,yes
Geburichueche fürd Linnéa und andere Chind?,Backwaren,
Geburimuffin,Backwaren,
gehackte  Cashwennüsse,Backwaren,
gehackte Nüsse,Backwaren,
gehackte Pistazien,Backwaren,
gehackte Walnüsse,Backwaren,
Gelatine,Backwaren,yes
gemahlene Bourbon-Vanille,Backwaren,
gemahlene Flohsamen,Backwaren,
gemahlene Hasselnüsse,Backwaren,
gemahlene Mandlen,Backwaren,
gemahlene Nüsse,Backwaren,
gemischte Nüsse,Backwaren,
geschälte Walnüsse,Backwaren,
getrocknete Cranberrys,Backwaren,
Gipfeli,Backwaren,
Glitzer,Backwaren,
Glutenbrot,Backwaren,
Glutenbrötchen,Backwaren,
Glutenfreie Brote,Backwaren,
glutenfreie Brötchen,Backwaren,
Glutenfreie Brötchen (einzeln eingeschweisst),Backwaren,
Glutenfreie Hotdog-brötli,Backwaren,
glutenfreie Mehlmischung,Backwaren,
Glutenfreier Muffin,Backwaren,
Glutenfreies Brot?,Backwaren,
glutenfreies Fladenbrot,Backwaren,
Glutenfreies Muffin (1 Stk),Backwaren,
Glutenfreies Panino,Backwaren,
Glutenmehl,Backwaren,
Gluti Brote,Backwaren,
Gluti und lakti muffin,Backwaren,
Grosse Brote,Backwaren,
Grosse Dürüm Fladen,Backwaren,
grüne Lebensmittelfarbe,Backwaren,yes
Guetlsi,Backwaren,yes
Hafermehl,Backwaren,
Hagelzucker,Backwaren,yes
Halbweissbrot vom Vortag,Backwaren,
Halbweissmehl,Backwaren,yes
Hamburger Brötchen,Backwaren,yes
Hamburger-Brötli,Backwaren,
Hamburgerbrote,Backwaren,yes
Hamburgerbröt,Backwaren,
Hamburgerbrötchen,Backwaren,
Hamburgerbrötli,Backwaren,yes
Hamburgerbun,Backwaren,
Handvoll Cashewkerne,Backwaren,
Haselnüsse,Backwaren,yes
"Haslenüsse, gemahlen",Backwaren,
Hefe,Backwaren,yes
Hefeflocken,Backwaren,
Hefewürfel,Backwaren,
"Hefewürfel, zerbröckelt",Backwaren,
hot dog brötchen,Backwaren,
Hot Dog Bröttli,Backwaren,
Hot-Dog Brötchen,Backwaren,
Hot-Dog-Brot,Backwaren,
Hotdog Brötchen,Backwaren,
HotDog Buns,Backwaren,
Hotdog-Brote,Backwaren,
Hotdog-Brötchen,Backwaren,
HotDog-Brötli,Backwaren,
Hotdogbort (ca. 60-80g),Backwaren,
Hotdogbrot,Backwaren,
HotDogBrot (Baguette),Backwaren,
Hotdogbrötchen,Backwaren,
Hotdogbrötli,Backwaren,
Hörnchen,Backwaren,
Je 2Stk. franz. und ital.,Backwaren,
Johannisbrotkernmehl,Backwaren,
Kakaobutter,Backwaren,
Kerne,Backwaren,
Kichererbsenmehl,Backwaren,
Knoblibrot fertig,Backwaren,
Knäckebrot,Backwaren,
Knäckebrot / DarVida,Backwaren,
Knöpflimehl,Backwaren,yes
Kokos,Backwaren,
Kokosflocken,Backwaren,
Kokosrasp,Backwaren,
Kokosspäne zum Bestreuen,Backwaren,
Kokosstreifen,Backwaren,
Korinthen,Backwaren,
krassi brioche hot dog böns,Backwaren,
Krokant-Streusel,Backwaren,
Kroutons,Backwaren,
Kuchen,Backwaren,
"Kuchen (von Monika, Claudia, evt. Barbara oder Vreni)",Backwaren,
Kuchen für alle,Backwaren,
Kuchen für alle Teilnehmer,Backwaren,
Kuchen Marmor,Backwaren,
Kuchen-/Tarteböden,Backwaren,
Kuchen?,Backwaren,
Kuchenglasur,Backwaren,yes
Kuchenmischung,Backwaren,
Kuchenteig,Backwaren,yes
Käsekuchenmischung,Backwaren,
Käsesandwich,Backwaren,
Körner,Backwaren,
Kürbiskerne,Backwaren,
Kürbiskerne o. Kürbiskernenöl,Backwaren,
Kürbiskernen,Backwaren,
Lagerbrot,Backwaren,
LaktiBrot,Backwaren,
Laktose und Glutenfreie Brote für Hotog,Backwaren,
laktosefreie Brötchen,Backwaren,
Laugenbrötli,Backwaren,yes
Lebensmittelfarbe,Backwaren,yes
Lebensmittelfarben,Backwaren,
Lebkuchengewürz,Backwaren,yes
"Leiterznacht, z. B. Sandwich",Backwaren,
lemon juice,Backwaren,
Limetensaft,Backwaren,
Limettenkonzentrat,Backwaren,
Limettensaft,Backwaren,yes
Limmete (Saft),Backwaren,
Linsertörtli,Backwaren,
M-Classic Sandwiches Silser (vegan),Backwaren,
M-Classic Sandwichs Weizenbrötchen,Backwaren,
Madeleine Kuchen,Backwaren,
mahleni Mandle,Backwaren,
Maisstärke,Backwaren,yes
Malz,Backwaren,yes
Mandel Backmasse,Backwaren,
Mandel gemahlen geschält,Backwaren,
Mandelblättchen,Backwaren,
Mandelblätter,Backwaren,
Mandelgemahlen,Backwaren,
Mandelgipfel,Backwaren,
Mandelgipfel (einzeln verpackt),Backwaren,
Mandelmasse,Backwaren,
Mandelmehl (teilentölt),Backwaren,
Mandeln,Backwaren,yes
Mandelnüsse,Backwaren,
Mandelplättchen,Backwaren,
Mandelscheiben,Backwaren,
Mandelslitter,Backwaren,
Mandelspittler,Backwaren,
Mandelsplitter,Backwaren,
Mandelstifte,Backwaren,
Mehl,Backwaren,yes
Meterzopf,Backwaren,
Mohnsamen,Backwaren,
Muffin,Backwaren,
Muffin Edeka,Backwaren,
Muffin oder Cupcake,Backwaren,
Muffinbackform,Backwaren,yes
Naan,Backwaren,
Natron,Backwaren,
Natronpulver,Backwaren,
Nonpareilles,Backwaren,
Nussbrot,Backwaren,yes
Nussgipfel,Backwaren,
Nussgipfel (einzeln verpackt),Backwaren,
Nussmischung,Backwaren,
Nährhefe,Backwaren,
Nüsse,Backwaren,
Nüsse gehackt,Backwaren,yes
Nüsse gemahlen,Backwaren,
Nüsse gemischt,Backwaren,
Nüssli,Backwaren,
Olivenbrot,Backwaren,yes
Omeletten,Backwaren,
Orangenabrieb,Backwaren,
Pagnolbrot,Backwaren,yes
Paniermehl,Backwaren,yes
Panko,Backwaren,
Paranüsse,Backwaren,
Pariserbrot,Backwaren,
Parisettbrötli,Backwaren,yes
Parisette,Backwaren,yes
Parisiette,Backwaren,yes
Pastamehl,Backwaren,
Pastete,Backwaren,yes
Pasteten,Backwaren,yes
Pastetli,Backwaren,yes
Pecan-Nüsse,Backwaren,
Pecannüsse,Backwaren,
Petit Beurre,Backwaren,yes
Petit Beurre vegan (2 Pack),Backwaren,
Petit-Beure,Backwaren,
Petitbeurre,Backwaren,
Petite Beurre,Backwaren,
Petite-Beurre,Backwaren,
pfladenbrot,Backwaren,
Pinienkerne,Backwaren,yes
Pistazien,Backwaren,
Pistazien gehackt,Backwaren,
"Pistazien, gehackt",Backwaren,
"Pistazien, Party à 500g (Migros)",Backwaren,
Pistazienkerne,Backwaren,
Pitabrot,Backwaren,yes
Pitabrote (je ca. 70 g),Backwaren,
Pizzamehl,Backwaren,
Pizzateig,Backwaren,yes
Plastikzitrone,Backwaren,
Preiselbeeren,Backwaren,yes
Puderzucker,Backwaren,yes
Pudezucker,Backwaren,
Pumpkinseeds,Backwaren,
Pöti pöre,Backwaren,
Rahmfestiger à 9g,Backwaren,
Rauchbrot,Backwaren,yes
rechteckig ausgewallter Butterblätterteig,Backwaren,
rechteckig ausgewallter Butterblätterteig à ca. 320 g,Backwaren,
Reismehl,Backwaren,yes
Reissirup,Backwaren,
Roggenmehl,Backwaren,
Rolle Pastateig,Backwaren,
Rosinen,Backwaren,
Rosinen dunkel,Backwaren,
"Rosinen, nach Belieben",Backwaren,
rote Lebensmittelfarbe,Backwaren,yes
Ruchbort,Backwaren,
Ruchbrot,Backwaren,yes
Ruchmehl,Backwaren,yes
Ruchtbrot,Backwaren,
rund ausgewallte Blätterteige,Backwaren,
Runde Blätterteige,Backwaren,
Runde Brötchen,Backwaren,
runde Teigböden,Backwaren,
Russenzopf,Backwaren,
Russischer,Backwaren,
Sahnesteif,Backwaren,
Salatkernen,Backwaren,
Samen,Backwaren,
Sandiwch / Hot Dog Brötchen,Backwaren,
Sandwich,Backwaren,
Sandwich-Brot,Backwaren,
Sandwichbrot,Backwaren,
Sandwichbrot in cm,Backwaren,
Sandwichbrote in cm,Backwaren,
Sandwichtaschen,Backwaren,
Sandwitchbrot,Backwaren,
Schlagrahmfestiger,Backwaren,
Schlangenbrot,Backwaren,
Schlangenbrotteig für 23pers.,Backwaren,
Schnitzelbrot (kleines Baquette),Backwaren,
Schoggigipfeli,Backwaren,
Schoggimeisbrötli,Backwaren,
Schoggistreusel,Backwaren,
Schoko-Kuchen/Muffin (vom Beck),Backwaren,
Schoko-Tortenboden,Backwaren,
Schokolade-Späne,Backwaren,yes
Schokoladenguss,Backwaren,
Schokoladenkuchen,Backwaren,
Schokoladenspähne,Backwaren,
Schokoladenspäne,Backwaren,
Schokoladenstreusel,Backwaren,
Schokoladespäne,Backwaren,
Schokosplitter,Backwaren,
Schokostreussel,Backwaren,
Schokostückchen,Backwaren,
Schokotropfen,Backwaren,
Schwedenbrötli,Backwaren,yes
Schär Hamburgerbrot,Backwaren,
Schär Meisterbäckers classis glutenfrei,Backwaren,
Semmelbrösel,Backwaren,
Semmerl,Backwaren,
Silserkranz,Backwaren,yes
Sonnenblumen-Kerne,Backwaren,
Sonnenblumenkerne,Backwaren,yes
Speckgugelhopf,Backwaren,
Spritzbäutel,Backwaren,yes
Streusel,Backwaren,
Striezel,Backwaren,
Strudelteig,Backwaren,
Sträussel,Backwaren,
Sultaninen,Backwaren,yes
süsser Mürbteig,Backwaren,
Tartlettes,Backwaren,
Taschenbrot,Backwaren,
Teig,Backwaren,yes
Teigblätter,Backwaren,
Tessinerbrot,Backwaren,yes
Toast,Backwaren,yes
Toastbrot,Backwaren,yes
Toastscheiben,Backwaren,
Tortenguss rot,Backwaren,
Trocken-Hefe,Backwaren,
Trockenfrüchte,Backwaren,
Trockenhefe,Backwaren,yes
Twisterbrot,Backwaren,
Törtchenbödeli,Backwaren,
türkisches Fladenbrot,Backwaren,
Vaniellepulver zum Kochen,Backwaren,
Vaniellzucker,Backwaren,yes
Vanilinsucker,Backwaren,
Vanille Pulver,Backwaren,yes
Vanille-Paste,Backwaren,
Vanillearoma,Backwaren,
Vanilleextrakt,Backwaren,
Vanillepaste,Backwaren,
Vanillepaste/-pulver,Backwaren,
Vanillepaste/pulver,Backwaren,
Vanillepuddingpulver,Backwaren,
Vanillepulver,Backwaren,
Vanillezucker,Backwaren,yes
Vanillinzucker,Backwaren,yes
Vanilzucker,Backwaren,
Veganer Apfelstrudel,Backwaren,
Waffelteig,Backwaren,
Walliserbrot,Backwaren,
"Walnuss, gehackt",Backwaren,
Walnusskerne,Backwaren,
Walnüsse (grob gehackt),Backwaren,
Weggen,Backwaren,
Weglli,Backwaren,
weiche Hamburgerbrötchen,Backwaren,
Weismehl,Backwaren,yes
Weissbrot,Backwaren,yes
weisse Schokoladeflocken,Backwaren,
weisse Schokoladelocken,Backwaren,
Weissmehl,Backwaren,yes
Weissmehl/Weizeneiweiss,Backwaren,
Weizen-Ruchmehl,Backwaren,
Weizenmehl,Backwaren,yes
Weizentoast,Backwaren,
Weizentortilljas,Backwaren,yes
wenig Schokoladenlocken zum Garnieren,Backwaren,
Wähenteig,Backwaren,yes
Zedernkerne o.ä.,Backwaren,
Zimmt-Zucker,Backwaren,
Zimt-Zucker,Backwaren,
Zimtstange,Backwaren,yes
Zimtzucker,Backwaren,
Zimtzucker zum Bestreuen,Backwaren,
Zitronen (Abrieb),Backwaren,
Zitronen (schale),Backwaren,yes
Zitronen Saft,Backwaren,
Zitronen-Tortenboden,Backwaren,
Zitronenabrieb,Backwaren,
Zitronencake,Backwaren,
Zitronencake (Edeka),Backwaren,
Zitronenkonzentrat,Backwaren,yes
Zitronenkuchen,Backwaren,
Zitronensaft,Backwaren,yes
Zopf,Backwaren,yes
Zopf-Reste,Backwaren,
Zopfmehl,Backwaren,yes
Zuckerstreusel,Backwaren,
Züpfe,Backwaren,
Züpfenmehl,Backwaren,
Ahhornsirup,Brotaufstrich,
Ahornsirup,Brotaufstrich,
Ahornsirup oä.,Brotaufstrich,
Akazienhonig,Brotaufstrich,
Akazienhonig guss,Brotaufstrich,
Alnatura Aufstrich,Brotaufstrich,
Alnatura-Aufstrich,Brotaufstrich,
Aprikosenkinfitüre,Brotaufstrich,
Aprikosenkonfi,Brotaufstrich,
Aprikosenkonfiture,Brotaufstrich,
Aprikosenkonfitüre,Brotaufstrich,
Artischockenaufstrich (B+R),Brotaufstrich,
Aufstreich,Brotaufstrich,
Aufstrich vegan & glutenfrei,Brotaufstrich,
Aufstrich vegan \& glutenfrei,Brotaufstrich,
Beerengelee,Brotaufstrich,
Bischoff Creamy,Brotaufstrich,
Biscoff Creme,Brotaufstrich,
Brotaufstrich (z.B. Nutella),Brotaufstrich,
Confi,Brotaufstrich,yes
Confitüre,Brotaufstrich,yes
de miel,Brotaufstrich,
Diverse Hummus,Brotaufstrich,
Erdbeer-Gelée,Brotaufstrich,
Erdbeergomfi,Brotaufstrich,
Erdbeerkonfi,Brotaufstrich,
Erdbeerkonfitüre,Brotaufstrich,
Erdnussbutter,Brotaufstrich,
erdnussbutter smooth,Brotaufstrich,
Erdnussmus,Brotaufstrich,
Ernussbutter,Brotaufstrich,
ev Reste Nutella/ Ovo,Brotaufstrich,
evt. ovocrunchy,Brotaufstrich,
Flüssiger Blütenhonig,Brotaufstrich,
Fruchtaufstrich,Brotaufstrich,
Früchtaufstrich,Brotaufstrich,
Früchtegelee,Brotaufstrich,
Früchtekonfitüre,Brotaufstrich,
Gomfi,Brotaufstrich,yes
Gonfi,Brotaufstrich,
Gonfi (Zmorge),Brotaufstrich,
Gonfi -> keine kaufen!,Brotaufstrich,
Gonfi portionen,Brotaufstrich,
Gonfi/Nutella,Brotaufstrich,
Gumfi,Brotaufstrich,
Gunfi,Brotaufstrich,
Hagelslag,Brotaufstrich,yes
Haselnuss-Brotaufstrich,Brotaufstrich,
Haselnussaufstrich,Brotaufstrich,
HaselnussBrotAuftstrich,Brotaufstrich,
Hausgemachter Aufstrich,Brotaufstrich,
Himbeergelee,Brotaufstrich,
Himbeerkonfi,Brotaufstrich,
Honig,Brotaufstrich,yes
Honig/agavendicksaft,Brotaufstrich,
Honig/Nutella,Brotaufstrich,yes
Houmus Neutral,Brotaufstrich,
Hummus,Brotaufstrich,
Hummus (vegan),Brotaufstrich,
Humus,Brotaufstrich,
Johannisbeergelee,Brotaufstrich,yes
Konfi,Brotaufstrich,yes
Konfiture,Brotaufstrich,yes
Konfitüre,Brotaufstrich,yes
Konfitüre/Schoggi Aufstrich,Brotaufstrich,
Koro Hummus,Brotaufstrich,
Le Parfait,Brotaufstrich,yes
Lemon Curd,Brotaufstrich,
Marmelade,Brotaufstrich,yes
Marmeladen verschiedene,Brotaufstrich,
Nussaufstrich,Brotaufstrich,
Nutela,Brotaufstrich,
Nutella,Brotaufstrich,yes
Nutella/ovo,Brotaufstrich,
Nutella/Ovo Crunch,Brotaufstrich,
Orangenmarmelade,Brotaufstrich,
Ovi,Brotaufstrich,
Ovo - Crunchy,Brotaufstrich,
Ovo Crunch,Brotaufstrich,
Ovo Crunchy Cream,Brotaufstrich,yes
Ovo Pulver,Brotaufstrich,
Ovo-Aufstrich,Brotaufstrich,
Ovo-Crunch,Brotaufstrich,
Ovo-Crunch (Zmorge),Brotaufstrich,
Ovo-Ufstrich,Brotaufstrich,
Ovocrunch,Brotaufstrich,
Ovomaltine,Brotaufstrich,yes
Ovomaltinenpulver,Brotaufstrich,
Peanutbutter,Brotaufstrich,
Preiselbeer-Confi,Brotaufstrich,
Preiselbeermarmelda,Brotaufstrich,
Quittengelee,Brotaufstrich,
Sandwichcreme,Brotaufstrich,
Schockoladenauftrich,Brotaufstrich,
Schoggiaufstrich,Brotaufstrich,yes
Schoggie-Ufstrich,Brotaufstrich,
Schoko-Aufstrich,Brotaufstrich,
Schokoaufstrich,Brotaufstrich,yes
Schokoladenaufstrich,Brotaufstrich,
Schokostreusel,Brotaufstrich,
Tartar Aufstrich,Brotaufstrich,
Veganer Aufstrich,Brotaufstrich,
versch. Gonfi,Brotaufstrich,
versch. Marmeladen,Brotaufstrich,
Zwergenwiese,Brotaufstrich,
(Balsamico-)Essig,Essig und Öl,
1 Flasche French Dressing,Essig und Öl,
1Flasche Italian Dressing,Essig und Öl,
Aceto,Essig und Öl,
Aceto Bianco,Essig und Öl,yes
Aceto creme,Essig und Öl,
Aceto Rosso,Essig und Öl,yes
Acetoreduktion,Essig und Öl,
Apfelessig,Essig und Öl,yes
Balsamessig,Essig und Öl,yes
Balsamico,Essig und Öl,yes
Balsamico-Essig,Essig und Öl,yes
Balsamicoessig,Essig und Öl,
Baumnussöl,Essig und Öl,yes
Bratbfett,Essig und Öl,
Bratenfett,Essig und Öl,
Bratfett,Essig und Öl,
Bratöl,Essig und Öl,yes
Chili-Öl,Essig und Öl,
d'huile de colza,Essig und Öl,
Diestlöl (Olivenöl),Essig und Öl,
Distelöl,Essig und Öl,yes
Dunkler Reisessig,Essig und Öl,
Erdnuss-Öl,Essig und Öl,
Erdnussöl,Essig und Öl,
Essig,Essig und Öl,yes
Fertigsalatsauce,Essig und Öl,
Fett,Essig und Öl,yes
Fritierfett,Essig und Öl,
Fritieröl (Rapsöl),Essig und Öl,
Frittieröl,Essig und Öl,yes
Holrapsöl,Essig und Öl,yes
Knobliöl,Essig und Öl,
Kokosfett,Essig und Öl,
Kokosöl,Essig und Öl,
Kresseessig,Essig und Öl,yes
Kräuteressig,Essig und Öl,yes
Kräuteressig Kressi,Essig und Öl,yes
Kürbiskernöl,Essig und Öl,yes
Mirin,Essig und Öl,
neutrales Pflanzenöl,Essig und Öl,
Obstessig,Essig und Öl,
Olivenök,Essig und Öl,
Olivenöl,Essig und Öl,yes
Olivenöl/Pflanzenöl,Essig und Öl,
Olvienöl,Essig und Öl,
Pflanzenöl,Essig und Öl,
Pflanzenöl zum Anbraten,Essig und Öl,
Rapsöl,Essig und Öl,yes
Reis-Essig,Essig und Öl,
Reisessig,Essig und Öl,
Rotweinessig,Essig und Öl,
Salatsauce,Essig und Öl,yes
"Salatsaucen (italienisch, französisch)",Essig und Öl,
Seesamöl,Essig und Öl,
Sesam-Öl,Essig und Öl,
sesame oil,Essig und Öl,
Sesamöl,Essig und Öl,yes
Sonnenblumenöl,Essig und Öl,yes
Speiseöl,Essig und Öl,yes
Sushi Vinegar,Essig und Öl,
Trüffelöl,Essig und Öl,
Weissweinessig,Essig und Öl,yes
Wok-Öl,Essig und Öl,
Zitronenessig,Essig und Öl,
Öl,Essig und Öl,yes
Ölivenöl,Essig und Öl,
Ackerhack,Fleisch und Fisch,
Aufschnitt,Fleisch und Fisch,yes
bacon,Fleisch und Fisch,
Bauernspeck,Fleisch und Fisch,
Bauernspeck in Tranchen,Fleisch und Fisch,
Beef Balls,Fleisch und Fisch,
Beyond Burger,Fleisch und Fisch,
Beyond meat patty,Fleisch und Fisch,
Brahtkügeli,Fleisch und Fisch,
Bratchügeli,Fleisch und Fisch,
Braten,Fleisch und Fisch,yes
Bratspeck,Fleisch und Fisch,yes
Bratwurst,Fleisch und Fisch,yes
Bratwurst/cervelat,Fleisch und Fisch,
Bratwurt Vegi,Fleisch und Fisch,
Bratwürste,Fleisch und Fisch,yes
Brewbee Gschnätslets,Fleisch und Fisch,
Brät,Fleisch und Fisch,yes
Brätchügeli,Fleisch und Fisch,yes
Brätkugel,Fleisch und Fisch,
Brätkugeln,Fleisch und Fisch,
Brätkügelchen,Fleisch und Fisch,
Brätkügeli,Fleisch und Fisch,yes
Brätküggeli,Fleisch und Fisch,yes
Burger patties,Fleisch und Fisch,
Burger Patty,Fleisch und Fisch,
Burger Patty Vegi,Fleisch und Fisch,
Burger Pattys,Fleisch und Fisch,
Burger-Patty,Fleisch und Fisch,
Burgerfleisch,Fleisch und Fisch,
Burgerpattie,Fleisch und Fisch,
Burgerpatties,Fleisch und Fisch,
Burgerpatties (Fleisch),Fleisch und Fisch,
Burgerpatties vegan,Fleisch und Fisch,
Burgerpatties Vegi (TopCC),Fleisch und Fisch,
Burgerpattis,Fleisch und Fisch,
Burgerpattis vegi,Fleisch und Fisch,
Burgerpatty,Fleisch und Fisch,
Burgerpatty Brioche,Fleisch und Fisch,
Burgerpatty Vegi,Fleisch und Fisch,
Burgerplätzli,Fleisch und Fisch,
Burgerplätzli (Fleisch),Fleisch und Fisch,
Burgerplätzli (Vegi),Fleisch und Fisch,
Bärtkügeli,Fleisch und Fisch,
Bündner Rohschinken,Fleisch und Fisch,yes
Bündnerfleisch,Fleisch und Fisch,yes
Cervalat,Fleisch und Fisch,
Cervalats,Fleisch und Fisch,
Cervalats (V-Love),Fleisch und Fisch,
Cervelat,Fleisch und Fisch,yes
Cervellat,Fleisch und Fisch,
Cevapcici,Fleisch und Fisch,
Ceverlat,Fleisch und Fisch,yes
Charcuterie,Fleisch und Fisch,
Chicken,Fleisch und Fisch,
Chicken Mix,Fleisch und Fisch,
Chicken Mix (Migros),Fleisch und Fisch,
Chicken oder Planted Chicken,Fleisch und Fisch,
Chicken Tighs,Fleisch und Fisch,
Chickennuggets,Fleisch und Fisch,yes
Chipolata,Fleisch und Fisch,
Chippolata,Fleisch und Fisch,
Cordonbleu,Fleisch und Fisch,
Cornatur Crispy Burger,Fleisch und Fisch,
Cornature,Fleisch und Fisch,
Crevetten,Fleisch und Fisch,yes
dicke Schinkentranchen (ca. 5 mm),Fleisch und Fisch,
Dino Nuggets,Fleisch und Fisch,
Dino veggi- Nuggets,Fleisch und Fisch,
Dinonuggets,Fleisch und Fisch,
Div. Fleischsorten,Fleisch und Fisch,
Dönerfleisch,Fleisch und Fisch,
dünneTrutenbrustschnitzel,Fleisch und Fisch,
Ente,Fleisch und Fisch,yes
Erbsenhack,Fleisch und Fisch,
Facon,Fleisch und Fisch,
Fake-Poulet,Fleisch und Fisch,
falsche Cordonbleu,Fleisch und Fisch,
feine Sojaschnetzel,Fleisch und Fisch,
Filet,Fleisch und Fisch,yes
Fisch,Fleisch und Fisch,yes
Fischknusperli,Fleisch und Fisch,
Fischstäbchen,Fleisch und Fisch,yes
Fischstäbli,Fleisch und Fisch,
Fischstäbli TK,Fleisch und Fisch,
Fleisch,Fleisch und Fisch,yes
Fleisch-Burgerpatty,Fleisch und Fisch,
Fleisch-Würste,Fleisch und Fisch,
Fleischalternative,Fleisch und Fisch,
Fleischalternative für Lunch (Landjäger),Fleisch und Fisch,
Fleischaufschnitt,Fleisch und Fisch,
Fleischchäs,Fleisch und Fisch,yes
Fleischchügeli,Fleisch und Fisch,
Fleischersatz,Fleisch und Fisch,
Fleischersatz deiner Wahl,Fleisch und Fisch,
Fleischkäse,Fleisch und Fisch,yes
Fleischkügeli,Fleisch und Fisch,
Fleischwurst,Fleisch und Fisch,
frankfurter sausages,Fleisch und Fisch,
Frühstücksspeck,Fleisch und Fisch,
Garden Gourmet Balls,Fleisch und Fisch,
Gechnätzeltes,Fleisch und Fisch,yes
Geflügel,Fleisch und Fisch,yes
Geflügelwürstchen,Fleisch und Fisch,
Gehacktes,Fleisch und Fisch,yes
gehacktes Rind,Fleisch und Fisch,yes
gehackts,Fleisch und Fisch,
gemischtes Hack,Fleisch und Fisch,
gemischtes Hackfleissch,Fleisch und Fisch,
Gemüseburger,Fleisch und Fisch,
Gemüseburger VEGI,Fleisch und Fisch,
Gemüsebällchen,Fleisch und Fisch,
Gemüsepatties,Fleisch und Fisch,
Gemüseschnitzel,Fleisch und Fisch,
geräuchertes Rollschinkli (ca. 1 kg),Fleisch und Fisch,
Geschnetzeltes,Fleisch und Fisch,yes
geschnetzeltes Rind,Fleisch und Fisch,yes
geschnezeltes Pouletfleisch,Fleisch und Fisch,
Geschntzeltes,Fleisch und Fisch,
Ghackets,Fleisch und Fisch,
Ghackets (vegi),Fleisch und Fisch,
Ghacktes,Fleisch und Fisch,yes
glutenfreie Köttbullar,Fleisch und Fisch,
glutenfreie Köttbullar TK od. frische Fleischbälleli,Fleisch und Fisch,
Glutenfreies Schnitzel,Fleisch und Fisch,
Grill für Leitende,Fleisch und Fisch,
Grillfleisch für 23 Pers,Fleisch und Fisch,
Grillgut,Fleisch und Fisch,
Grillsachen (Aktionen und Resten),Fleisch und Fisch,
Grillschnecke,Fleisch und Fisch,
Grillwürste,Fleisch und Fisch,
gschnätzletz,Fleisch und Fisch,
Guanciale,Fleisch und Fisch,
Gulasch,Fleisch und Fisch,yes
Hack,Fleisch und Fisch,
Hack (TopCC),Fleisch und Fisch,
Hackbraten,Fleisch und Fisch,yes
Hackbällchen,Fleisch und Fisch,
Hackbälleli,Fleisch und Fisch,yes
Hackfleisch,Fleisch und Fisch,yes
Hackfliesch,Fleisch und Fisch,
Hamburger,Fleisch und Fisch,yes
Hamburgerpatty,Fleisch und Fisch,
Hamburgerpatty 100g,Fleisch und Fisch,
Hamburgerpettis,Fleisch und Fisch,
Hamburgerpätties,Fleisch und Fisch,
Hinterschinken,Fleisch und Fisch,
Hot Dog,Fleisch und Fisch,
Hotdog Poulett,Fleisch und Fisch,
Hotdog-Würstli,Fleisch und Fisch,
Hotdogs,Fleisch und Fisch,
Huhn,Fleisch und Fisch,
HUVUDROLL,Fleisch und Fisch,
HUVUDROLL (Fleischbällchen),Fleisch und Fisch,
Hähnchen Tights,Fleisch und Fisch,
Hähnchenbrustfilet,Fleisch und Fisch,
Hünchenbrust,Fleisch und Fisch,
Ikea Fleischbälleli,Fleisch und Fisch,
IKEA Vegibällchen,Fleisch und Fisch,
Kalbfleisch,Fleisch und Fisch,yes
Kalbgeschnezelltes,Fleisch und Fisch,yes
Kalbs-Geschnetzeltes,Fleisch und Fisch,yes
Kalbsbratwurst,Fleisch und Fisch,yes
Kalbsbratwürste,Fleisch und Fisch,
Kalbsbratwürste / Cervela - mehr Cervela,Fleisch und Fisch,
Kalbsbrät,Fleisch und Fisch,
Kalbsfuss,Fleisch und Fisch,yes
Kalbsfüsschen,Fleisch und Fisch,
Kalbsfüsse,Fleisch und Fisch,
Kalbsgeschnätzeltes,Fleisch und Fisch,yes
Kalbsnierli,Fleisch und Fisch,yes
Kalbsplätzli,Fleisch und Fisch,yes
Kalbsschnitzel,Fleisch und Fisch,
Kalbstbratwurst,Fleisch und Fisch,
Kebab Fleisch,Fleisch und Fisch,yes
Kebabfleisch,Fleisch und Fisch,
Kinderfleisch,Fleisch und Fisch,
Klöpfer,Fleisch und Fisch,
Knackerli,Fleisch und Fisch,
Kochschinken,Fleisch und Fisch,
Kochspeck,Fleisch und Fisch,yes
Kräuterspeck,Fleisch und Fisch,
Känguruentrecôtes,Fleisch und Fisch,
Kötbullar glutenfrei,Fleisch und Fisch,
Köttbullar,Fleisch und Fisch,
Köttbullar resten o.ä.,Fleisch und Fisch,
Köttbullar Vegi/Vegan,Fleisch und Fisch,
Lachs,Fleisch und Fisch,yes
Lammfleisch,Fleisch und Fisch,yes
Lammgigot,Fleisch und Fisch,yes
Landjeger,Fleisch und Fisch,
Landjäger,Fleisch und Fisch,yes
Lanjäger,Fleisch und Fisch,
Leiterfleisch,Fleisch und Fisch,
Lioner,Fleisch und Fisch,yes
Luganighe,Fleisch und Fisch,
Lyoner,Fleisch und Fisch,yes
Lyoner/Schinken,Fleisch und Fisch,
Lyonerwurst (Kalter Aufschnitt),Fleisch und Fisch,
Léon-Bratwurst,Fleisch und Fisch,
M-Budget Plant-Based Schnitzel,Fleisch und Fisch,
M-Budget Vegi Hack,Fleisch und Fisch,
Markbein,Fleisch und Fisch,
Mini-Pic,Fleisch und Fisch,yes
Minipick,Fleisch und Fisch,
Mortadella,Fleisch und Fisch,
Mostbröckli,Fleisch und Fisch,yes
Naturtofu,Fleisch und Fisch,
Nierstuck,Fleisch und Fisch,
Nierstück,Fleisch und Fisch,
Nuggets,Fleisch und Fisch,
Nuggets Vegi,Fleisch und Fisch,
Ofenfleichkäse,Fleisch und Fisch,yes
Ofenschinken,Fleisch und Fisch,
Paddies,Fleisch und Fisch,
Pancetta,Fleisch und Fisch,
parniertes Schnitzel,Fleisch und Fisch,
Patties,Fleisch und Fisch,
Patty,Fleisch und Fisch,
Patty vegi/vegan,Fleisch und Fisch,
Pattys,Fleisch und Fisch,
Pfälzer und normale,Fleisch und Fisch,
Planted,Fleisch und Fisch,
"planted (Migros, evt. Planted anfragen))",Fleisch und Fisch,
planted BBQ Chicken,Fleisch und Fisch,
planted BBQ Chicken (Migros),Fleisch und Fisch,
Planted Chicken,Fleisch und Fisch,
Planted Chicken nature,Fleisch und Fisch,
Planted für Sky und Leiterinnen,Fleisch und Fisch,
Planted Kebap,Fleisch und Fisch,
Planted nature,Fleisch und Fisch,
Plantet Burger,Fleisch und Fisch,
Plätzli,Fleisch und Fisch,
Poulet,Fleisch und Fisch,yes
Poulet ganz,Fleisch und Fisch,yes
Poulet Geschnetzeltes,Fleisch und Fisch,yes
Poulet-Cervelat,Fleisch und Fisch,
Poulet-Geschnetzeltes,Fleisch und Fisch,yes
Poulet-Minifilets,Fleisch und Fisch,
Poulet-Schenkel,Fleisch und Fisch,yes
Poulet-Schnitzel,Fleisch und Fisch,
Pouletaufschnitt,Fleisch und Fisch,
Pouletbrust,Fleisch und Fisch,
Pouletbrustfilet,Fleisch und Fisch,
Pouletbrüstchen,Fleisch und Fisch,
Pouletbrüste,Fleisch und Fisch,
Pouletbrüstli,Fleisch und Fisch,yes
Pouletfleisch,Fleisch und Fisch,
Pouletflügeli,Fleisch und Fisch,
Pouletflüggeli,Fleisch und Fisch,
Pouletgeschnetzeltes,Fleisch und Fisch,yes
Pouletgschnetzlets,Fleisch und Fisch,
Pouletminifilet,Fleisch und Fisch,
Pouletminifilet (oder Pouletbrust im Notfall),Fleisch und Fisch,
Pouletoberschenkel,Fleisch und Fisch,
Pouletschenkel,Fleisch und Fisch,
Pouletschenkel (ganze),Fleisch und Fisch,
Pouletschenkelsteaks (ohne Knochen),Fleisch und Fisch,
Pouletschnitzel panniert,Fleisch und Fisch,yes
Pouletschnitzer,Fleisch und Fisch,
Pouletwurst,Fleisch und Fisch,
Prosciutto,Fleisch und Fisch,
pulet,Fleisch und Fisch,
Puolet,Fleisch und Fisch,
Putenaufschnitt,Fleisch und Fisch,
Quorn,Fleisch und Fisch,
Quorn Ghackets,Fleisch und Fisch,
Quorn Hack,Fleisch und Fisch,
Quorn-Geschnetzeltes,Fleisch und Fisch,
Quorn-Plätzli,Fleisch und Fisch,
Quorn-Schnitzel,Fleisch und Fisch,
Quorngehacktes,Fleisch und Fisch,
Quornstäbli,Fleisch und Fisch,
Quronhack,Fleisch und Fisch,
Ragout,Fleisch und Fisch,
Reste Hamburger/Cervelat,Fleisch und Fisch,
Resten Ghackets,Fleisch und Fisch,
Ribs,Fleisch und Fisch,
Rind,Fleisch und Fisch,
Rindergehacktes,Fleisch und Fisch,
Rinderhackfleisch,Fleisch und Fisch,yes
Rindfleisch,Fleisch und Fisch,yes
Rindfleischwürfel,Fleisch und Fisch,
Rindsburger,Fleisch und Fisch,
Rindsburger glutenfrei,Fleisch und Fisch,
Rindsentrecôte,Fleisch und Fisch,
Rindsfilet,Fleisch und Fisch,yes
Rindsgeschnetzeltes,Fleisch und Fisch,yes
Rindshack,Fleisch und Fisch,
Rindshackfleisch,Fleisch und Fisch,yes
Rindshamburger,Fleisch und Fisch,
Rindsragout,Fleisch und Fisch,yes
Rindsvoressen,Fleisch und Fisch,yes
Rohess-Speck,Fleisch und Fisch,
Rohschinken,Fleisch und Fisch,yes
Räuchertofu,Fleisch und Fisch,
Räuchertofu glutenfrei,Fleisch und Fisch,
Räuchertofu o. Vegischnitzel,Fleisch und Fisch,
Röichertofu,Fleisch und Fisch,
Saitan,Fleisch und Fisch,
Saitan Migros,Fleisch und Fisch,
Salamettli,Fleisch und Fisch,
Salami,Fleisch und Fisch,yes
Salami/ Trockenfleisch,Fleisch und Fisch,
Salamischeiben,Fleisch und Fisch,
Salsiz,Fleisch und Fisch,
Schaschlikspiesse,Fleisch und Fisch,
Schinken,Fleisch und Fisch,yes
Schinken/Aufschnitt,Fleisch und Fisch,
Schinken/Salami,Fleisch und Fisch,
Schinken/Speck,Fleisch und Fisch,
Schinkenscheiben,Fleisch und Fisch,
Schinkentranchen,Fleisch und Fisch,
Schinkenwürfelchen,Fleisch und Fisch,yes
Schinkenwürfeli,Fleisch und Fisch,yes
Schinkli,Fleisch und Fisch,yes
Schnitzel,Fleisch und Fisch,
Schnitzel (paniert),Fleisch und Fisch,
Schnitzel (paniert) 20x Vegi,Fleisch und Fisch,
Schnitzel Vegetarisch,Fleisch und Fisch,
Schnitzel Veggie,Fleisch und Fisch,
Schnitzel Vegi,Fleisch und Fisch,
Schw.Bratwurst,Fleisch und Fisch,yes
Schwein,Fleisch und Fisch,yes
Schweine-Ragout,Fleisch und Fisch,yes
Schweinebauch,Fleisch und Fisch,
Schweinefilet,Fleisch und Fisch,
Schweinefleisch,Fleisch und Fisch,yes
Schweinehack,Fleisch und Fisch,
Schweinehals,Fleisch und Fisch,
Schweinenacken,Fleisch und Fisch,
Schweinenacken ohne Knochen,Fleisch und Fisch,
Schweineschulter / Nacken,Fleisch und Fisch,
Schweinesteak,Fleisch und Fisch,
Schweingschnetzeltes,Fleisch und Fisch,
Schweins geschnetzeltes,Fleisch und Fisch,yes
Schweins Ragout,Fleisch und Fisch,
Schweinsbratwurst,Fleisch und Fisch,
Schweinsbratwürste,Fleisch und Fisch,
Schweinshalsbraten,Fleisch und Fisch,yes
Schweinsnierstück,Fleisch und Fisch,
Schweinsnierstück Blätzli,Fleisch und Fisch,yes
Schweinsplätzli,Fleisch und Fisch,yes
Schweinsragout,Fleisch und Fisch,
Schweinsschulter (1 kg ergibt gegart ca. 680 g,Fleisch und Fisch,
Schweinsteak,Fleisch und Fisch,
Schweinsvoressen,Fleisch und Fisch,yes
Schweinswurst,Fleisch und Fisch,
Schweinswürstchen,Fleisch und Fisch,
Schweis-Geschnetzeltes,Fleisch und Fisch,yes
Schüblig,Fleisch und Fisch,
Seidentofu,Fleisch und Fisch,
Seitan,Fleisch und Fisch,
Seitan für Vegies,Fleisch und Fisch,
Serranoschinken,Fleisch und Fisch,
Servalats,Fleisch und Fisch,
Servela,Fleisch und Fisch,
Servelat,Fleisch und Fisch,
Soja-Hack,Fleisch und Fisch,
Sojagehacktes,Fleisch und Fisch,
Sojageschnetzeltes,Fleisch und Fisch,
Sojagranulat,Fleisch und Fisch,
Sojagranulat (Ian),Fleisch und Fisch,
Sojagranulat (Korro) (Mat),Fleisch und Fisch,
Sojagranulat (trocken gewicht),Fleisch und Fisch,
Sojagschnätzleds,Fleisch und Fisch,
Sojahack,Fleisch und Fisch,
Sojahack (Alnatura),Fleisch und Fisch,
Sojahack (feucht),Fleisch und Fisch,
Sojahack für die Veggis,Fleisch und Fisch,
Sojaschnetzel,Fleisch und Fisch,
Sojaschnetzel fein,Fleisch und Fisch,
Sojaschnetzel grob getrocknet,Fleisch und Fisch,
Sojaschnitzel,Fleisch und Fisch,
Sojaschnätzel,Fleisch und Fisch,
Sojastücke Trocken,Fleisch und Fisch,
Spanferkel,Fleisch und Fisch,
Speck,Fleisch und Fisch,yes
Speck/Schinken,Fleisch und Fisch,
Speckscheiben,Fleisch und Fisch,
Speckstreifen,Fleisch und Fisch,
Specktragen,Fleisch und Fisch,
Specktranchen,Fleisch und Fisch,yes
Speckwürfel,Fleisch und Fisch,yes
Speckwürfelchen,Fleisch und Fisch,
Speckwürfeli,Fleisch und Fisch,yes
Steak,Fleisch und Fisch,
Surimi (MSC),Fleisch und Fisch,
Tartare,Fleisch und Fisch,
Thon,Fleisch und Fisch,yes
Thunfisch,Fleisch und Fisch,
Tiger Kitchen Bio Seitan,Fleisch und Fisch,
TK V-Love plant based burger (8Stk),Fleisch und Fisch,
Tofu,Fleisch und Fisch,yes
Traiteur de Paris,Fleisch und Fisch,
Trockenfleisch,Fleisch und Fisch,
Trockenwurst,Fleisch und Fisch,
Truten-Ragout,Fleisch und Fisch,yes
Trutenaufschnitt,Fleisch und Fisch,
Trutenplätzli,Fleisch und Fisch,
Truthahn,Fleisch und Fisch,
Turnfisch,Fleisch und Fisch,
Ufschnitt,Fleisch und Fisch,
V-Love Balls,Fleisch und Fisch,
V-love Erbsen Schnetzel,Fleisch und Fisch,
V-Love · Stick · Vegan,Fleisch und Fisch,
Vegan Fischstäbli,Fleisch und Fisch,
vegan Hack,Fleisch und Fisch,
vegan SchnittAuf,Fleisch und Fisch,
vegane \& glutenfreie Burgerpatties,Fleisch und Fisch,
vegane Burgerpatty,Fleisch und Fisch,
vegane Chipolatas,Fleisch und Fisch,
Vegane dinos Migro,Fleisch und Fisch,
Vegane Fischstäbli,Fleisch und Fisch,
Vegane Grilloption,Fleisch und Fisch,
Vegane Landjägeralternative,Fleisch und Fisch,
vegane Patties,Fleisch und Fisch,
Vegane Würstli,Fleisch und Fisch,
Veganer geräucherter Stick (Bio),Fleisch und Fisch,
veganer Geschnetzeltes-Ersatz,Fleisch und Fisch,
veganer Poulet-Ersatz,Fleisch und Fisch,
veganer Speckwürfeli-Ersatz,Fleisch und Fisch,
Veganes Hack,Fleisch und Fisch,
Veganes Patty,Fleisch und Fisch,
veganes Schnitzel,Fleisch und Fisch,
Vegetable Burger,Fleisch und Fisch,
Vegetarische Köttbullar,Fleisch und Fisch,
vegetarisches Hack,Fleisch und Fisch,
vegetarisches Hähnchen,Fleisch und Fisch,
Veggi Nuggets,Fleisch und Fisch,
Veggibölleli,Fleisch und Fisch,
Veggie Hack,Fleisch und Fisch,
Veggie Patties,Fleisch und Fisch,
Veggie-Patties,Fleisch und Fisch,
Veggieburger,Fleisch und Fisch,
Veggienuggets,Fleisch und Fisch,
Veggihack,Fleisch und Fisch,
Vegginuggets,Fleisch und Fisch,
Veggischnitzel,Fleisch und Fisch,yes
Vegi (Plätzli o.ä. zum Grillieren),Fleisch und Fisch,
Vegi Alternative,Fleisch und Fisch,
vegi bolognese,Fleisch und Fisch,
Vegi Burger,Fleisch und Fisch,
Vegi Burger / Vegan Burger,Fleisch und Fisch,
Vegi Burgerfleisch,Fleisch und Fisch,
Vegi burgerpaddies,Fleisch und Fisch,
Vegi Bälleli,Fleisch und Fisch,
Vegi Chicken,Fleisch und Fisch,
Vegi Dönerfleisch,Fleisch und Fisch,
Vegi Fischstäbli,Fleisch und Fisch,
Vegi Fleischersatz,Fleisch und Fisch,
Vegi Fleischersatz (Hacktätschli),Fleisch und Fisch,
vegi Frikadellen / Gschnätzlets,Fleisch und Fisch,
Vegi geschnetzeltes/Hackfleisch,Fleisch und Fisch,
Vegi Geschnetzletes,Fleisch und Fisch,
Vegi Geschnezeltes,Fleisch und Fisch,
Vegi Geschnätzeltes,Fleisch und Fisch,
vegi gschnezeltes,Fleisch und Fisch,
Vegi gschnätzlets,Fleisch und Fisch,
Vegi Hack,Fleisch und Fisch,
vegi hack (getrocknet),Fleisch und Fisch,
Vegi Hackbällchen,Fleisch und Fisch,
Vegi Hackbällchen o.ä.,Fleisch und Fisch,
Vegi Nuggets,Fleisch und Fisch,
Vegi Nuggets (TK),Fleisch und Fisch,
Vegi Paties,Fleisch und Fisch,
Vegi Patties,Fleisch und Fisch,
Vegi Patty,Fleisch und Fisch,
Vegi Pattys,Fleisch und Fisch,
Vegi Schnetzletes,Fleisch und Fisch,
Vegi Schnitzel,Fleisch und Fisch,
Vegi würst,Fleisch und Fisch,
Vegi-/Gemüsestäbchen,Fleisch und Fisch,
Vegi-Aufschnitt,Fleisch und Fisch,
Vegi-Bratwurst,Fleisch und Fisch,
Vegi-Burger Patty,Fleisch und Fisch,
Vegi-Burger-Patty,Fleisch und Fisch,
Vegi-Burgerpatty,Fleisch und Fisch,
Vegi-Fleischkäse,Fleisch und Fisch,
Vegi-Geschnetzeltes,Fleisch und Fisch,yes
Vegi-Ghackets,Fleisch und Fisch,
Vegi-Ghacktes,Fleisch und Fisch,
Vegi-Hack,Fleisch und Fisch,
Vegi-Hackbällchen,Fleisch und Fisch,
Vegi-Nuggets,Fleisch und Fisch,
Vegi-Patties,Fleisch und Fisch,
Vegi-Poulet,Fleisch und Fisch,
Vegi-schinken,Fleisch und Fisch,
Vegi-Wienerli,Fleisch und Fisch,
Vegi-Würstchen,Fleisch und Fisch,
Vegi-Würstchen (Migros Cornatur),Fleisch und Fisch,
Vegi-Würstchen?,Fleisch und Fisch,
Vegi-Würste,Fleisch und Fisch,
Vegi-Würstli,Fleisch und Fisch,
Vegiaufschnitt,Fleisch und Fisch,
Vegiausfschnitt,Fleisch und Fisch,
Vegibullar,Fleisch und Fisch,
Vegiburger,Fleisch und Fisch,
Vegiburger Patty,Fleisch und Fisch,
Vegiburger-Patty,Fleisch und Fisch,
Vegiböleli,Fleisch und Fisch,
Vegifleisch,Fleisch und Fisch,
vegigeschnetzeltes (vegan),Fleisch und Fisch,
Vegigrill-ding,Fleisch und Fisch,
Vegihack,Fleisch und Fisch,
Vegihack (Korro) (Mat),Fleisch und Fisch,
Vegihack/Sojaschnetzel,Fleisch und Fisch,
Vegihackfleisch,Fleisch und Fisch,
Vegihotdogwürstli,Fleisch und Fisch,
vegilandjäger,Fleisch und Fisch,
Vegiplätzli,Fleisch und Fisch,yes
Vegipoulet,Fleisch und Fisch,
Vegipoulet 4PACK,Fleisch und Fisch,
Vegispeckwürfelchen,Fleisch und Fisch,
Vegivariante (Grillade),Fleisch und Fisch,
Vegiwienerli,Fleisch und Fisch,yes
Vegiwurst,Fleisch und Fisch,
Vegiwürst,Fleisch und Fisch,
Vegiwürstchen,Fleisch und Fisch,
Vegiwürste,Fleisch und Fisch,
Vegiwürstli,Fleisch und Fisch,
vegi–patties,Fleisch und Fisch,
Wienerli,Fleisch und Fisch,yes
Wiennerli,Fleisch und Fisch,
Winerli oder Schweinswürstli,Fleisch und Fisch,
Wurst,Fleisch und Fisch,yes
Wurst/ Fleischding,Fleisch und Fisch,
Würstchen,Fleisch und Fisch,yes
Würste,Fleisch und Fisch,yes
Würstli,Fleisch und Fisch,
Ananas,Früchte und Gemüse,yes
Anannas,Früchte und Gemüse,
Annanas,Früchte und Gemüse,
Annanass,Früchte und Gemüse,
Apfel,Früchte und Gemüse,yes
Aprikose,Früchte und Gemüse,yes
Aprikosen,Früchte und Gemüse,yes
Artischocken,Früchte und Gemüse,
Aubergine,Früchte und Gemüse,yes
auberginen,Früchte und Gemüse,
Aubergini,Früchte und Gemüse,
Auberginien,Früchte und Gemüse,
Austedrnseitlinge,Früchte und Gemüse,
Austernpilze,Früchte und Gemüse,
avocada,Früchte und Gemüse,
Avocado,Früchte und Gemüse,yes
Baby-Ananas,Früchte und Gemüse,
Baby-Banane,Früchte und Gemüse,
Baby-Banane (reif),Früchte und Gemüse,
Babykartotten,Früchte und Gemüse,
Babyspinat,Früchte und Gemüse,
Banana,Früchte und Gemüse,
Bananas,Früchte und Gemüse,
Banane,Früchte und Gemüse,yes
Bananen,Früchte und Gemüse,yes
Banenen,Früchte und Gemüse,
Basikikum,Früchte und Gemüse,yes
Basilikumblätter,Früchte und Gemüse,
Basilikumblätter zum Garnieren,Früchte und Gemüse,
Beere (z.B. Brombeern,Früchte und Gemüse,
Beeren,Früchte und Gemüse,yes
Beeren-Mischung,Früchte und Gemüse,
Beerenmix,Früchte und Gemüse,
Beeri,Früchte und Gemüse,yes
Bio Orangen,Früchte und Gemüse,
Bio Zitronen,Früchte und Gemüse,
Bio-Limette,Früchte und Gemüse,
Bio-Limetten,Früchte und Gemüse,
Bio-Orange,Früchte und Gemüse,
Bio-Orangen,Früchte und Gemüse,
Bio-Zitrone,Früchte und Gemüse,
Bio-Zitronen,Früchte und Gemüse,
Biozitrone,Früchte und Gemüse,
Birne,Früchte und Gemüse,yes
Birnen,Früchte und Gemüse,yes
Blattsalat,Früchte und Gemüse,yes
Blattspinat,Früchte und Gemüse,yes
Blaubeeren,Früchte und Gemüse,
Blondorangen,Früchte und Gemüse,
Bluebeery,Früchte und Gemüse,
Blum,Früchte und Gemüse,
Blumenkohl,Früchte und Gemüse,yes
Blumenkohl(Fleischersatz),Früchte und Gemüse,
Blutorangen,Früchte und Gemüse,
Bohen,Früchte und Gemüse,yes
Bohnen,Früchte und Gemüse,yes
Bohnenkraut,Früchte und Gemüse,yes
Boskop-Äpfel,Früchte und Gemüse,
Boskopapfel,Früchte und Gemüse,
Bratkartoffel,Früchte und Gemüse,
Bratkartoffeln mehligkochend,Früchte und Gemüse,
Braune Champions,Früchte und Gemüse,
Brenessel,Früchte und Gemüse,
Broccoli,Früchte und Gemüse,yes
Broccoli/Blumenkohl,Früchte und Gemüse,
Broccoliröschen,Früchte und Gemüse,
Brokkoli,Früchte und Gemüse,yes
Brombeeren,Früchte und Gemüse,
Brunoise,Früchte und Gemüse,
Brunoise Gemüsemischung,Früchte und Gemüse,
Brunoise Mix,Früchte und Gemüse,
Brunoisemix,Früchte und Gemüse,
Bundrüebli,Früchte und Gemüse,
Bundzwiebel mit dem Grün,Früchte und Gemüse,
Bundzwiebel mit Grün,Früchte und Gemüse,
Bundzwiebeln,Früchte und Gemüse,yes
Bölle,Früchte und Gemüse,
Cabbage,Früchte und Gemüse,
Chabis (coleslaw),Früchte und Gemüse,
Champiginons,Früchte und Gemüse,
Champigion,Früchte und Gemüse,
Champignions,Früchte und Gemüse,yes
Champignons,Früchte und Gemüse,yes
"Champignons, in dünnen Scheiben",Früchte und Gemüse,
Champignons/Steinpilz,Früchte und Gemüse,
champignos,Früchte und Gemüse,yes
Champingions,Früchte und Gemüse,yes
Champingons,Früchte und Gemüse,
Champinions,Früchte und Gemüse,
Champinons,Früchte und Gemüse,
Champions,Früchte und Gemüse,
Chefen,Früchte und Gemüse,
Cheritomaten,Früchte und Gemüse,
Cherry Tomätli,Früchte und Gemüse,
Cherry-Tomaten,Früchte und Gemüse,yes
Cherry-Tomätli,Früchte und Gemüse,yes
Cherrytomaten,Früchte und Gemüse,yes
Cherrytomätli,Früchte und Gemüse,
Cherrytomätly,Früchte und Gemüse,
ChicorÃ©e,Früchte und Gemüse,yes
Chicorée,Früchte und Gemüse,
chillis,Früchte und Gemüse,
Chinakohl,Früchte und Gemüse,yes
Chnobli,Früchte und Gemüse,
Chnobli-Zehe,Früchte und Gemüse,yes
Chnoblizehe,Früchte und Gemüse,
Chnoblizehen,Früchte und Gemüse,
Choleräbli,Früchte und Gemüse,
Clementinen,Früchte und Gemüse,yes
Cocktailtomaten,Früchte und Gemüse,
Coktailtomaten,Früchte und Gemüse,
Coleslaw,Früchte und Gemüse,
d'ail entière,Früchte und Gemüse,
Datterini-Tomaten,Früchte und Gemüse,
de betterave cuite coupée en deux,Früchte und Gemüse,
Dichte Salatköpfe (Eisberg/Kopfsalat),Früchte und Gemüse,
Dipgemüse,Früchte und Gemüse,
diverses Suppengemüse,Früchte und Gemüse,
Drachenaufgenfrucht (Logan),Früchte und Gemüse,
Drachenaufgenfrucht (Logan) (Bestandteil Dessert),Früchte und Gemüse,
Drachenfrucht,Früchte und Gemüse,
Drachenfrucht (Bestandteil Dessert),Früchte und Gemüse,
Edamame,Früchte und Gemüse,yes
Edamame/Erbsen,Früchte und Gemüse,
Eichblatt grün,Früchte und Gemüse,
Eichblatt rot,Früchte und Gemüse,
Eierschwämme,Früchte und Gemüse,
Eierschwämme (Pilze),Früchte und Gemüse,
Eierschwämmli,Früchte und Gemüse,yes
Eisberg,Früchte und Gemüse,yes
Eisberg-Salat,Früchte und Gemüse,
Eisbergsalat,Früchte und Gemüse,yes
Eisbergsalate,Früchte und Gemüse,
Enoki,Früchte und Gemüse,
Erbse,Früchte und Gemüse,yes
Erbsen,Früchte und Gemüse,
"Erbsen (Migros, M-Budget)",Früchte und Gemüse,
Erbsen?,Früchte und Gemüse,
Erbsli,Früchte und Gemüse,yes
Erbsli/Rüebli Mischung,Früchte und Gemüse,
Erdbeer,Früchte und Gemüse,
Erdbeeren,Früchte und Gemüse,yes
Erdäpfel,Früchte und Gemüse,
ev. mit Pilzen,Früchte und Gemüse,
evtl. Kapuzinerblüten,Früchte und Gemüse,
evtl. Rüeblisalat,Früchte und Gemüse,
Federkohl,Früchte und Gemüse,yes
Feige,Früchte und Gemüse,yes
Feigen (reif),Früchte und Gemüse,
Feldsalat,Früchte und Gemüse,
Fenchel,Früchte und Gemüse,yes
Fenchelknollen,Früchte und Gemüse,
Festkochende Herdöpfel,Früchte und Gemüse,
festkochende Kratoffeln,Früchte und Gemüse,
Fingeraubergine,Früchte und Gemüse,
Fleischtomate,Früchte und Gemüse,
Fleischtomaten,Früchte und Gemüse,
Fleischtomaten (ca. 390g/Stk.),Früchte und Gemüse,
frische Pelati-Tomate,Früchte und Gemüse,
Frucht,Früchte und Gemüse,yes
Fruchtsalat,Früchte und Gemüse,
Frücht zum Garnieren,Früchte und Gemüse,
Früchte,Früchte und Gemüse,yes
"früchte/Apfel,Birne",Früchte und Gemüse,
Frühkartoffeln,Früchte und Gemüse,
Frühligszwibeln,Früchte und Gemüse,
Frühlingszw.,Früchte und Gemüse,
Frühlingszwiebel,Früchte und Gemüse,yes
Frühlingszwiebeln,Früchte und Gemüse,yes
Frühlingzwieben,Früchte und Gemüse,
Fürchtete,Früchte und Gemüse,
Gala,Früchte und Gemüse,yes
ganze Knoblauche,Früchte und Gemüse,
Gelbe Peperonie,Früchte und Gemüse,
gemischter Salat(Leiteressen),Früchte und Gemüse,
Gemüse,Früchte und Gemüse,yes
Gemüsemischung,Früchte und Gemüse,
Gemüsemischung Brunoise,Früchte und Gemüse,
Gemüsereste,Früchte und Gemüse,
Gemüsespiessen,Früchte und Gemüse,
Gemüsesticks,Früchte und Gemüse,
Gemüsestreifen,Früchte und Gemüse,
Gemüsezwiebel,Früchte und Gemüse,
Gemüsezwiebel (ca. 350g/Stk.),Früchte und Gemüse,
geschwellte Kartoffeln,Früchte und Gemüse,yes
getr. Mu-Err-Pilze,Früchte und Gemüse,
Getrocknete Shitake,Früchte und Gemüse,
Ginger,Früchte und Gemüse,
gmüse,Früchte und Gemüse,
Granatapfel,Früchte und Gemüse,
Granatapfelkerne,Früchte und Gemüse,
Granatäpfel,Früchte und Gemüse,
Grapefruit,Früchte und Gemüse,
Grill-Gemüse,Früchte und Gemüse,
Grillgemüse,Früchte und Gemüse,
Grillmais,Früchte und Gemüse,
grosse getrocknete Morcheln,Früchte und Gemüse,
grosse Lauchstangen,Früchte und Gemüse,
Gruke,Früchte und Gemüse,
Gruken,Früchte und Gemüse,
grüne Bohne,Früchte und Gemüse,
Grüne Papaya,Früchte und Gemüse,
grüne Stangenbohnen,Früchte und Gemüse,
Grüner Salat/Kopfsalat,Früchte und Gemüse,yes
grüner Spargel,Früchte und Gemüse,
Grünersalat,Früchte und Gemüse,
Gschwellti,Früchte und Gemüse,
Gschwellti (Raclettekartoffeln),Früchte und Gemüse,
Gschwellti vom Vortag,Früchte und Gemüse,
Gschwellti vom Vortag 12.5 kg,Früchte und Gemüse,
Gschwelti,Früchte und Gemüse,
Gurke,Früchte und Gemüse,yes
Gurken,Früchte und Gemüse,yes
Gurkensalat,Früchte und Gemüse,
Gurkenscheibe,Früchte und Gemüse,yes
Günersalat,Früchte und Gemüse,
Heidelbeeren,Früchte und Gemüse,yes
Herdöpfel,Früchte und Gemüse,
Himbeeren,Früchte und Gemüse,yes
Himmberen,Früchte und Gemüse,yes
Honigmelone,Früchte und Gemüse,
Honigmelonen,Früchte und Gemüse,
Härdöpfel,Früchte und Gemüse,
Ingwer,Früchte und Gemüse,yes
ingwerknolle,Früchte und Gemüse,
Jungspinat,Früchte und Gemüse,
Kabis,Früchte und Gemüse,yes
Kafirlimette,Früchte und Gemüse,
Karotte,Früchte und Gemüse,yes
Karotten,Früchte und Gemüse,yes
Karottensalat,Früchte und Gemüse,
Karrote,Früchte und Gemüse,yes
Karrotten,Früchte und Gemüse,
Kartoffel,Früchte und Gemüse,yes
Kartoffel(mehligkochend),Früchte und Gemüse,
Kartoffeln,Früchte und Gemüse,yes
Kartoffeln festkochend,Früchte und Gemüse,yes
Kartoffeln mehligkochend,Früchte und Gemüse,yes
"Kartoffen, festkochend",Früchte und Gemüse,
Kefen,Früchte und Gemüse,yes
Kefirlimette,Früchte und Gemüse,
Kirschen,Früchte und Gemüse,yes
Kirschtomaten,Früchte und Gemüse,yes
Kiwi,Früchte und Gemüse,yes
kl Chilischote,Früchte und Gemüse,
kleiner Lauchstängel,Früchte und Gemüse,
Klementienen,Früchte und Gemüse,yes
Knoblauch,Früchte und Gemüse,yes
Knoblauch-Zehe,Früchte und Gemüse,
Knoblauchknollen,Früchte und Gemüse,
Knoblauchzehe,Früchte und Gemüse,yes
Knoblauchzehen,Früchte und Gemüse,yes
"Knoblauchzehen, gepresst",Früchte und Gemüse,
Knoblauchzweig,Früchte und Gemüse,
Knoblauchzweigen,Früchte und Gemüse,
Knoblauck (ganze Knollen),Früchte und Gemüse,
Knoblauczehe,Früchte und Gemüse,
Knoblauzehen,Früchte und Gemüse,
knoble,Früchte und Gemüse,
Knobli,Früchte und Gemüse,yes
Knoblizehen,Früchte und Gemüse,yes
Knobluachzehen,Früchte und Gemüse,
Knobläuche,Früchte und Gemüse,
Knochlauch,Früchte und Gemüse,yes
Knochlauchzehe,Früchte und Gemüse,yes
Knofi Erdbeer,Früchte und Gemüse,
Knollenseleri,Früchte und Gemüse,
Knollenselerie,Früchte und Gemüse,
Knollensellerie,Früchte und Gemüse,yes
Koblauch,Früchte und Gemüse,
Koblauchzehe,Früchte und Gemüse,
Koblauchzehen,Früchte und Gemüse,
Kobli,Früchte und Gemüse,
Kochtomaten,Früchte und Gemüse,
Kochäpfel,Früchte und Gemüse,
Kohl,Früchte und Gemüse,yes
Kohl/Wirz,Früchte und Gemüse,
Kohlkopf,Früchte und Gemüse,
"Kohlkopf, klein",Früchte und Gemüse,
Kohlraben,Früchte und Gemüse,
Kohlrabi (od. Brokkoli),Früchte und Gemüse,
Kohlrabli,Früchte und Gemüse,yes
Kohrabi,Früchte und Gemüse,yes
Kolrabi,Früchte und Gemüse,
Kopfsalat,Früchte und Gemüse,yes
Kopfsalat/Eisbergsalat,Früchte und Gemüse,
Kopfsalatblätter,Früchte und Gemüse,
Korianderblätchen,Früchte und Gemüse,
Korianderblätter,Früchte und Gemüse,
Krauskohl,Früchte und Gemüse,
Kresse,Früchte und Gemüse,
Kresse?,Früchte und Gemüse,
Kräuterseitlinge,Früchte und Gemüse,
Kurkensalat,Früchte und Gemüse,
Kürbis,Früchte und Gemüse,yes
Kürbisfleisch,Früchte und Gemüse,
Lauch,Früchte und Gemüse,yes
Lauchstengel,Früchte und Gemüse,yes
Lauchstängel,Früchte und Gemüse,
Lauchzwiebeln,Früchte und Gemüse,
Lime,Früchte und Gemüse,
Limette,Früchte und Gemüse,yes
Limetten,Früchte und Gemüse,yes
Limmete,Früchte und Gemüse,
M-Budget Championgs,Früchte und Gemüse,
Mais,Früchte und Gemüse,yes
Maiskolben,Früchte und Gemüse,
Maiskolebn,Früchte und Gemüse,
Maiskoloben,Früchte und Gemüse,
Maisli,Früchte und Gemüse,
Maissalat,Früchte und Gemüse,
Mandarinen,Früchte und Gemüse,
Manderine,Früchte und Gemüse,yes
Mango,Früchte und Gemüse,yes
Mangold,Früchte und Gemüse,
Maniok,Früchte und Gemüse,yes
Maronni,Früchte und Gemüse,
Marroni,Früchte und Gemüse,
mehlig kochende Kartoffeln,Früchte und Gemüse,yes
Mehlige Kartoffeln,Früchte und Gemüse,yes
Mehligekartoffeln,Früchte und Gemüse,
Mehligkochend Herdöpfel,Früchte und Gemüse,
Meiskolben,Früchte und Gemüse,
Melone,Früchte und Gemüse,yes
Mini Annans,Früchte und Gemüse,yes
Mini Salatgurke,Früchte und Gemüse,
Mini-Lattich,Früchte und Gemüse,
Mini-Lattiche,Früchte und Gemüse,
Mini-Peperoni,Früchte und Gemüse,
Mini-Thai-Auberginen,Früchte und Gemüse,
mirepoix,Früchte und Gemüse,
Mischgemüse,Früchte und Gemüse,yes
Mischsalat,Früchte und Gemüse,yes
Mongosprossen,Früchte und Gemüse,
Motaten,Früchte und Gemüse,
Mungbohnen-Sprossen,Früchte und Gemüse,
Mungbohnensprosse,Früchte und Gemüse,
Mungbohnensprossen,Früchte und Gemüse,
Mungo-Sprossen,Früchte und Gemüse,
Mungobohnensprosse,Früchte und Gemüse,
Mungobohnensprossen,Früchte und Gemüse,yes
Mungosprossen,Früchte und Gemüse,
Möhren,Früchte und Gemüse,
Nektarine,Früchte und Gemüse,yes
Nektarinen,Früchte und Gemüse,yes
Netzmelone,Früchte und Gemüse,
Nüsslisalat,Früchte und Gemüse,yes
O/Passionsfrucht (B+R),Früchte und Gemüse,
Obergine,Früchte und Gemüse,yes
Oberginen,Früchte und Gemüse,yes
Obst,Früchte und Gemüse,
Ofenkartoffeln,Früchte und Gemüse,
Oragen,Früchte und Gemüse,
Orange,Früchte und Gemüse,yes
Orangen,Früchte und Gemüse,
Orangen (Tiramisu),Früchte und Gemüse,
Orangen bio,Früchte und Gemüse,
Orangenschale,Früchte und Gemüse,
oranger Knirps (Hokkaidokürbis),Früchte und Gemüse,
organic lemon,Früchte und Gemüse,
Pack-Choi,Früchte und Gemüse,
Pak Choi,Früchte und Gemüse,yes
Pak-Choi,Früchte und Gemüse,
Palmkohl,Früchte und Gemüse,yes
Passionsfrucht,Früchte und Gemüse,
Passionsfrüchte,Früchte und Gemüse,
Pastinaken,Früchte und Gemüse,
Pastinaken (sonst Süsskartoffel),Früchte und Gemüse,
Peparoni gelb,Früchte und Gemüse,
Peparoni rot,Früchte und Gemüse,
Peperoncini,Früchte und Gemüse,yes
Peperoncino,Früchte und Gemüse,
Peperoncino Rot,Früchte und Gemüse,
Peperoni,Früchte und Gemüse,yes
peperonie,Früchte und Gemüse,
Pepperoni,Früchte und Gemüse,yes
Pfirsich,Früchte und Gemüse,yes
Pfirsiche,Früchte und Gemüse,
Pflaume,Früchte und Gemüse,
Pflaumen,Früchte und Gemüse,yes
Pilz,Früchte und Gemüse,yes
Pilze,Früchte und Gemüse,yes
"Pilze(Champignos,Austernpilze, Shiitake,Eierschwämli)",Früchte und Gemüse,
Pilzli,Früchte und Gemüse,
Pilzmix,Früchte und Gemüse,
pink Mushrooms,Früchte und Gemüse,
Prunoise-Mix,Früchte und Gemüse,
Rabarber,Früchte und Gemüse,
Radieschen,Früchte und Gemüse,yes
Radiesli,Früchte und Gemüse,yes
Radiseli,Früchte und Gemüse,
rande,Früchte und Gemüse,
Randen,Früchte und Gemüse,yes
Randensalat,Früchte und Gemüse,yes
reife Avocados,Früchte und Gemüse,
Rettich,Früchte und Gemüse,
Rhabarber,Früchte und Gemüse,
"Rhabarber (wenn es keine hat, gefrorene Zwetschgen)",Früchte und Gemüse,
Rhabarberstängel,Früchte und Gemüse,
Rispentomaten,Früchte und Gemüse,
Riäbli,Früchte und Gemüse,
rosa Grapefruit,Früchte und Gemüse,
Rosenkohl,Früchte und Gemüse,
Rot-/Weisskraut,Früchte und Gemüse,
Rote Beete,Früchte und Gemüse,
rote Chilis,Früchte und Gemüse,
rote Chilli,Früchte und Gemüse,
rote chillis,Früchte und Gemüse,
rote chillis (Migros),Früchte und Gemüse,
rote Spitzpeperoni,Früchte und Gemüse,
rote und gelbe Paprikaschoten,Früchte und Gemüse,
Rote Ziebeln,Früchte und Gemüse,
Rote zwibeln,Früchte und Gemüse,
roter Peperoncino,Früchte und Gemüse,
Rotkabis,Früchte und Gemüse,yes
Rotkohl,Früchte und Gemüse,
Ruccola,Früchte und Gemüse,yes
Rucola,Früchte und Gemüse,yes
Ruebli,Früchte und Gemüse,yes
Rueblisalat,Früchte und Gemüse,yes
Rübli,Früchte und Gemüse,
Rüblis,Früchte und Gemüse,
Rüblisalat,Früchte und Gemüse,
Rüebli,Früchte und Gemüse,yes
Rüebli/Peperoni,Früchte und Gemüse,
Rüeblilachs (selber machen),Früchte und Gemüse,
Saisonfrüchte,Früchte und Gemüse,yes
Saisongemüse,Früchte und Gemüse,yes
Salat,Früchte und Gemüse,yes
Salatblätter,Früchte und Gemüse,
Salatgruke,Früchte und Gemüse,
Salatgruken,Früchte und Gemüse,
Salatgurke,Früchte und Gemüse,
Salatgurken,Früchte und Gemüse,
Salatkopf,Früchte und Gemüse,
Salatkopt,Früchte und Gemüse,
Salatköpfe,Früchte und Gemüse,
Salatmix,Früchte und Gemüse,
Salatspinat,Früchte und Gemüse,
Salzkartoffel,Früchte und Gemüse,
Schalotte,Früchte und Gemüse,
Schalotten,Früchte und Gemüse,yes
Scharlotte,Früchte und Gemüse,
Schnitt-Knoblauch,Früchte und Gemüse,
Seleri,Früchte und Gemüse,
Selleri,Früchte und Gemüse,
Sellerie,Früchte und Gemüse,yes
Sellerieknolle,Früchte und Gemüse,
Sellerieknollen,Früchte und Gemüse,
Shiitake-Pilz,Früchte und Gemüse,
Shiitakepilz,Früchte und Gemüse,
Shiitakepilze,Früchte und Gemüse,
Shitake,Früchte und Gemüse,
"Shitake-Pilze, getrocknet",Früchte und Gemüse,
Siitake-Pilze,Früchte und Gemüse,
Silberziible,Früchte und Gemüse,
Snackgurke,Früchte und Gemüse,
Soja,Früchte und Gemüse,yes
Sojabohnen,Früchte und Gemüse,yes
Sojabohnensprossen,Früchte und Gemüse,
Sojasprossen,Früchte und Gemüse,
Sommergemüse,Früchte und Gemüse,
Spargeln,Früchte und Gemüse,yes
Spargle,Früchte und Gemüse,
Spinat,Früchte und Gemüse,yes
Spitzpepperoni grün,Früchte und Gemüse,
Springonions,Früchte und Gemüse,
Sprossenmix,Früchte und Gemüse,
stangenselleri,Früchte und Gemüse,
Stangensellerie,Früchte und Gemüse,yes
Steinpilze,Früchte und Gemüse,yes
Suppengemüse,Früchte und Gemüse,
Suppengemüse vorgeschnitten,Früchte und Gemüse,
Süsskartoffel,Früchte und Gemüse,
Süsskartoffel (gross),Früchte und Gemüse,
Süsskartoffeln,Früchte und Gemüse,
Thailändische Auberginen,Früchte und Gemüse,
Tomate,Früchte und Gemüse,yes
Tomaten,Früchte und Gemüse,yes
Tomaten/Datteltomaten,Früchte und Gemüse,
Tomatenscheiben,Früchte und Gemüse,
Tomatos,Früchte und Gemüse,
Tomätli,Früchte und Gemüse,
Trauben,Früchte und Gemüse,yes
versch. Blattsalate,Früchte und Gemüse,
Wassermelone,Früchte und Gemüse,yes
Wassermelonnen,Früchte und Gemüse,
Weisskabis,Früchte und Gemüse,yes
Weisskohl,Früchte und Gemüse,
Weißkohl,Früchte und Gemüse,
weitere Pizzabelege,Früchte und Gemüse,
Wiibeeri,Früchte und Gemüse,
Wirsing,Früchte und Gemüse,
Wirsing/Wirz,Früchte und Gemüse,
Wirz,Früchte und Gemüse,yes
Zintronen,Früchte und Gemüse,
Zirtone,Früchte und Gemüse,
Zitonen,Früchte und Gemüse,
Zitrone,Früchte und Gemüse,yes
Zitrone/Limette,Früchte und Gemüse,
Zitronen Bio,Früchte und Gemüse,
Zitronen zu Saft,Früchte und Gemüse,
Zitronenschale,Früchte und Gemüse,yes
Zitronenscheiben,Früchte und Gemüse,
Zitronenzeste,Früchte und Gemüse,
Zitronrn,Früchte und Gemüse,
Zmittag Rübli,Früchte und Gemüse,
Zuccethi,Früchte und Gemüse,
Zuccettii,Früchte und Gemüse,yes
Zuccheti,Früchte und Gemüse,yes
Zucchetti,Früchte und Gemüse,yes
Zucchini,Früchte und Gemüse,yes
Zuccini,Früchte und Gemüse,
Zucetti,Früchte und Gemüse,
Zuchetti,Früchte und Gemüse,yes
Zuchini,Früchte und Gemüse,
zuckererbse,Früchte und Gemüse,
Zugchetti,Früchte und Gemüse,yes
Zugetti,Früchte und Gemüse,
Zughetti,Früchte und Gemüse,yes
Zvierifrucht,Früchte und Gemüse,yes
Zweibeli,Früchte und Gemüse,
Zweibeln,Früchte und Gemüse,
Zwetgschen (oder andere Frucht),Früchte und Gemüse,
Zwetschgen,Früchte und Gemüse,yes
Zwetschgen/Äpfel,Früchte und Gemüse,
Zwibel,Früchte und Gemüse,yes
Zwibeln,Früchte und Gemüse,
Zwible,Früchte und Gemüse,
Zwiblen,Früchte und Gemüse,
Zwiebekn,Früchte und Gemüse,
Zwiebel,Früchte und Gemüse,yes
Zwiebel(n),Früchte und Gemüse,
Zwiebeln,Früchte und Gemüse,yes
Zwieble,Früchte und Gemüse,
Zwieblen,Früchte und Gemüse,
Äfpel,Früchte und Gemüse,
Äpfel,Früchte und Gemüse,yes
échalote coupée en quatre,Früchte und Gemüse,
Öpfu,Früchte und Gemüse,
übrige frückte,Früchte und Gemüse,
0.5 Liter PET,Getränke und Wein,
18 Stk Alkoholfreies Panache,Getränke und Wein,
2 l Prosecco,Getränke und Wein,
2.5dl Schockt Drink,Getränke und Wein,
3L Himbeersirup,Getränke und Wein,
Absolut Vodka,Getränke und Wein,
alkoholfreier Apfelwein,Getränke und Wein,
alkoholfreier Gin (z.B. Gordon's 0.0),Getränke und Wein,
Amaretto,Getränke und Wein,
Ananassaft,Getränke und Wein,yes
Apfelsaft,Getränke und Wein,yes
Apfelschorle,Getränke und Wein,
Apfelschorle oder anderes Spassgetränk,Getränke und Wein,
Armagnac,Getränke und Wein,
Barolo,Getränke und Wein,yes
Beerensirup,Getränke und Wein,
Bier,Getränke und Wein,yes
Birnendicksaft,Getränke und Wein,yes
Blutorangensaft,Getränke und Wein,
Brennesseltee (Beutel),Getränke und Wein,
Brinendicksaft,Getränke und Wein,
Calvados,Getränke und Wein,
Campari Bitter,Getränke und Wein,
Caprisonne,Getränke und Wein,yes
Citro,Getränke und Wein,yes
Coca,Getränke und Wein,yes
Coca-Cola,Getränke und Wein,
Cocktail,Getränke und Wein,
Cognac,Getränke und Wein,
Cola,Getränke und Wein,yes
Cranberrynektar,Getränke und Wein,
Cranberrysaft,Getränke und Wein,
Div. Säfte,Getränke und Wein,
Dosenbier,Getränke und Wein,yes
dry white wine (e.g. Sauvignon blanc),Getränke und Wein,
dunkler Rum,Getränke und Wein,
Eisteepulver,Getränke und Wein,
Eiswasser,Getränke und Wein,
El Toni Maté,Getränke und Wein,
EL Tony,Getränke und Wein,
EL Tony/Cola/Energy,Getränke und Wein,
elderflower syrup,Getränke und Wein,
Energie Drink,Getränke und Wein,
Energy Drink,Getränke und Wein,
Energy Drinks,Getränke und Wein,
Energydrinks,Getränke und Wein,
English Breakfast,Getränke und Wein,
Erdbeersirup,Getränke und Wein,
ev. Orangen Saft,Getränke und Wein,
Exotik-Fruchtsaft,Getränke und Wein,
Fanta,Getränke und Wein,
Fruchstaft,Getränke und Wein,
Fruchtsaft,Getränke und Wein,
Fruchtsaft (Zmorge),Getränke und Wein,
Früchtetee,Getränke und Wein,yes
für Lagertee,Getränke und Wein,
Getränk,Getränke und Wein,
Getränk alkoholfrei,Getränke und Wein,
Getränke,Getränke und Wein,
Gin,Getränke und Wein,
gin (e.g. Bombay Citron Pressé),Getränke und Wein,
Gin (z.B. Bombay Bramble),Getränke und Wein,
Gin (z.B. Bombay Citron Pressé),Getränke und Wein,
Gin Alternative,Getränke und Wein,
Ginger Ale,Getränke und Wein,
Gingerale,Getränke und Wein,
GingerBeer,Getränke und Wein,
Glühwein,Getränke und Wein,
Grapefruitsaft,Getränke und Wein,
Grenadienensirup,Getränke und Wein,
Grenadinensirup,Getränke und Wein,
Grüntee,Getränke und Wein,
guter fertig glühwein,Getränke und Wein,
Hagenbuttentee,Getränke und Wein,yes
Hahnenwasser,Getränke und Wein,
Heisseswasser,Getränke und Wein,
Henniez,Getränke und Wein,yes
"Himbeer-Sirup (2x 1,5l)",Getränke und Wein,
Himbeersirup,Getränke und Wein,
Holuderblütensirup,Getränke und Wein,
Holunderblütensirup,Getränke und Wein,
Holundersirup,Getränke und Wein,
IceTea-Pulver,Getränke und Wein,yes
Ingwersirup,Getränke und Wein,
Inkarom,Getränke und Wein,
Inkarom decaf,Getränke und Wein,
Instant Cappuccino,Getränke und Wein,
Instant-Kaffee,Getränke und Wein,
Instantkaffe,Getränke und Wein,yes
Kinderprosecco,Getränke und Wein,
Kirsch,Getränke und Wein,yes
Kirschsaft,Getränke und Wein,
Koch-Weisswein,Getränke und Wein,
Kochwein,Getränke und Wein,yes
Kochweisswein,Getränke und Wein,
Kohlensäurewasser,Getränke und Wein,
Kräutertee,Getränke und Wein,
"Kräutertee (wenn möglich, frisch vom Luzernerhof)",Getränke und Wein,
Lagerbier,Getränke und Wein,
Lemon Soda,Getränke und Wein,
M-Budget Energy Drinks,Getränke und Wein,
M-Budget Multifrucht Nektar,Getränke und Wein,
Marsala,Getränke und Wein,
Marsala Likör,Getränke und Wein,
Mate,Getränke und Wein,
Mate (Höckfood),Getränke und Wein,
Mate und Redbull,Getränke und Wein,
Mate Zuckerfrei,Getränke und Wein,
Mate Zuckerfrei (Höckfood),Getränke und Wein,
Milchshake pulver,Getränke und Wein,
Mineralwasser,Getränke und Wein,yes
Mirin Reiswein,Getränke und Wein,
Mojitosirup,Getränke und Wein,yes
Most,Getränke und Wein,
Most Naturtrüb,Getränke und Wein,
Mulitfitaminsaft,Getränke und Wein,
Mulitvitaminsaft,Getränke und Wein,
Multi-Saft,Getränke und Wein,
Multifitaminsaft,Getränke und Wein,yes
Multifrucht,Getränke und Wein,
Multifruchtsaft,Getränke und Wein,yes
"Multisaft, ein paar L für alle Zmorgen",Getränke und Wein,
Multivitamin,Getränke und Wein,
Multivitamin Saft,Getränke und Wein,
Multivitaminsaft,Getränke und Wein,yes
Nescafe,Getränke und Wein,yes
Nescafé,Getränke und Wein,
Noilly Prat,Getränke und Wein,
Noilly Prat (B+R),Getränke und Wein,
O - Saft,Getränke und Wein,
O-Saft,Getränke und Wein,yes
O-Saft/Multivitamin,Getränke und Wein,
Orangen Saft,Getränke und Wein,
Orangenblütenwasser (Tee kaufen),Getränke und Wein,
Orangenjuice,Getränke und Wein,
Orangenjus,Getränke und Wein,
Orangenlikör (z.B. Cointreau),Getränke und Wein,
Orangensaft,Getränke und Wein,yes
Orangensaft/Multivitamin,Getränke und Wein,
Orangensaft/Multivitaminsaft,Getränke und Wein,
Orangina,Getränke und Wein,
Organgensaft,Getränke und Wein,yes
Osaft,Getränke und Wein,
Pfefferminztee,Getränke und Wein,yes
Portwein,Getränke und Wein,yes
Powerade blau,Getränke und Wein,
Prosecco,Getränke und Wein,
Punch,Getränke und Wein,yes
Punsch,Getränke und Wein,
Punsch Pulver,Getränke und Wein,
Randensaft,Getränke und Wein,
Regenbogenmoskato,Getränke und Wein,
Rimus,Getränke und Wein,yes
Rivella,Getränke und Wein,yes
Rotwein,Getränke und Wein,yes
Rum,Getränke und Wein,
Saft,Getränke und Wein,
Salzwasser,Getränke und Wein,yes
Saurer Most,Getränke und Wein,
Schwarztee,Getränke und Wein,yes
Shorley,Getränke und Wein,
Sirup,Getränke und Wein,yes
Sirup: Apfel-Kiwi,Getränke und Wein,
Sirup: Grenadine,Getränke und Wein,
Sirup: Mojito,Getränke und Wein,
Sirup: Pink Grapefruit,Getränke und Wein,
Siurp,Getränke und Wein,
Smoothie,Getränke und Wein,
Softgetränk,Getränke und Wein,
Sprite,Getränke und Wein,
Sprudeliwasser,Getränke und Wein,
Sprudelwasser,Getränke und Wein,
sugar syrup,Getränke und Wein,
"Sweet Chai, Yogi-Tea",Getränke und Wein,
Süssgetränke,Getränke und Wein,
Süssmosst,Getränke und Wein,
Süssmost,Getränke und Wein,
Süssmost (1),Getränke und Wein,
Süssmost (2),Getränke und Wein,
Süssmost mit Kohlensäure,Getränke und Wein,
Süsswein,Getränke und Wein,yes
Tauftrank?,Getränke und Wein,
Tee,Getränke und Wein,yes
Teebeutel,Getränke und Wein,yes
Teebäutel,Getränke und Wein,yes
Teebüteli,Getränke und Wein,
Teebüütel 1Pack Normal (Früchtetee),Getränke und Wein,
Tequila,Getränke und Wein,
Tonic,Getränke und Wein,
tonic water (e.g. Fever-Tree Tonic Water),Getränke und Wein,
Tonic Water (z.B. Fever Tree Aromatic Tonic Angostura),Getränke und Wein,
Tonic Water (z.B. Fever-Tree Mediterranean Tonic Water),Getränke und Wein,
Tonic Water (z.B. Fever-Tree Raspberry &amp; Rhubarb),Getränke und Wein,
Tonic Water (z.B. Fever-Tree Raspberry \&amp; Rhubarb),Getränke und Wein,
"Tonic Water, Aperitiv",Getränke und Wein,
Traubensaft,Getränke und Wein,
Traubensaft  (Programm),Getränke und Wein,
Verveine,Getränke und Wein,
Verveinetee,Getränke und Wein,
Vino Rosso,Getränke und Wein,
Vodka,Getränke und Wein,
Vodka (z.B. Absolut Grapefruit),Getränke und Wein,
Wasser,Getränke und Wein,yes
water,Getränke und Wein,
Wein,Getränke und Wein,
Wein rot,Getränke und Wein,
Wein weiss,Getränke und Wein,
Weissein,Getränke und Wein,yes
weisser Rum,Getränke und Wein,
weisser Rum (z.B. Cachaça oder Bacardi),Getränke und Wein,
Weisser Vermouth,Getränke und Wein,
Weisswein,Getränke und Wein,yes
Weiswein,Getränke und Wein,yes
Wermut  (z.B. Martini rosso),Getränke und Wein,
Whisky (z.B. Scotch Whisky),Getränke und Wein,
Zitronenlikör (z.B. Limoncello),Getränke und Wein,
Zitronensirup,Getränke und Wein,yes
Zuckersirup,Getränke und Wein,
Zwetschge Schnaps,Getränke und Wein,
Zwetschgenschnaps,Getränke und Wein,
(Majoran),Gewürze,
(Muskat),Gewürze,
8 Krätermischung,Gewürze,
Achiote-Paste,Gewürze,
Anis,Gewürze,
Anissterne,Gewürze,
Aromat,Gewürze,yes
Asafoetida,Gewürze,
Asia 5-Gewürze-Mischung (Migros),Gewürze,
Austernsauce,Gewürze,
Avocadogewürz,Gewürze,
Basilicum,Gewürze,yes
Basilikum,Gewürze,yes
Basilikumpulver,Gewürze,
Bergkräutersalz,Gewürze,yes
Bockshornklee,Gewürze,yes
Bohnengewürz,Gewürze,
Bouillion,Gewürze,
Bouillion (V),Gewürze,
Bouillon,Gewürze,yes
Bouillon-Würfel,Gewürze,
Bouillonkonzentrat,Gewürze,
Bouillonpaste,Gewürze,
Bouillonpulver,Gewürze,yes
Bouillonpulver/-paste,Gewürze,
Bouillonwürfel,Gewürze,yes
Bouilo,Gewürze,
Boulion,Gewürze,yes
Boullion,Gewürze,
Boullion (glutenfrei),Gewürze,
Boullon,Gewürze,
Bratenjus,Gewürze,
Bratensauce,Gewürze,yes
Bratensaucen Pulver,Gewürze,
Bratensaucengranulat,Gewürze,
Bratensaucepulver,Gewürze,yes
Braunes Saucepulver,Gewürze,
Brühe,Gewürze,
Buillon,Gewürze,
Buillon Würfel,Gewürze,
Bullion,Gewürze,yes
Bärlauch,Gewürze,
Bärlauchpaste,Gewürze,yes
Cayenne,Gewürze,
Cayennenpfeffer,Gewürze,
Cayennepfeffer,Gewürze,yes
Cayennpeffeler,Gewürze,
Cayenpfeffer,Gewürze,
Cayenpfeffer grob,Gewürze,
Ceyenne,Gewürze,
Chili,Gewürze,yes
Chili-Gewürz,Gewürze,
Chili-Schote,Gewürze,
Chiliflocken,Gewürze,yes
chiliflocken/srirachasauce,Gewürze,
Chilipfeffer,Gewürze,
Chilipfeffer Frisch,Gewürze,
Chilipulver,Gewürze,yes
Chilischoten,Gewürze,
Chilli Mild,Gewürze,
Chilli Mix,Gewürze,
Chilliflocken,Gewürze,
Chillipulver,Gewürze,yes
Chillipulver/rot Chilis,Gewürze,
Chillischote,Gewürze,yes
Chnobligewürz,Gewürze,
Churrypaste,Gewürze,
Cilantro,Gewürze,
Countrypoteitesgewürz,Gewürze,yes
Curry,Gewürze,yes
Curry-Pulver,Gewürze,yes
Curryblätter,Gewürze,yes
Currygewürz,Gewürze,
Currymischung,Gewürze,
Currypaste,Gewürze,yes
Currypulver,Gewürze,yes
Currysauce-Pulver,Gewürze,
de thym séché,Gewürze,
Dijonsenf,Gewürze,
Dill,Gewürze,yes
Dukkah,Gewürze,
Dörrtomaten,Gewürze,yes
Edelsüss-Paprika,Gewürze,
Estragon,Gewürze,
ev Röstzwiebeln,Gewürze,
evt.Kardamon,Gewürze,
evtl. Röstzwiebeln,Gewürze,
Fachitagewürz ?,Gewürze,
Fajita Fertigmix,Gewürze,
Fajita Gewürzemischung,Gewürze,
Fajita Gewürzli,Gewürze,
Fajita Gewürzmischung,Gewürze,
Fajita Gewürzmix,Gewürze,
Fajita-Gewürz,Gewürze,
Fajita-Gewürzmischung,Gewürze,
Fajitagewürz,Gewürze,
Fajitamischung,Gewürze,
Fenchelsamen,Gewürze,yes
Fertig-Bratensauce,Gewürze,
Fischsauce,Gewürze,yes
Fleischbouillon,Gewürze,yes
fleischbouilon,Gewürze,
Fleischbrühe,Gewürze,
Fleischbullion,Gewürze,
Fleischgewürz,Gewürze,yes
Fleur de Sel,Gewürze,
Frische Peterselie,Gewürze,
frische Pfefferminzblätter,Gewürze,
Frischer Peterlie,Gewürze,
Frischer Peterselie,Gewürze,
Garam Masala,Gewürze,yes
Garlic,Gewürze,
Geflügelbouillon,Gewürze,
gehackte Basilikumblättchen,Gewürze,
gehackte Petersilie,Gewürze,yes
Gelbe Currypaste,Gewürze,yes
Gem. cumin,Gewürze,
gemahlene Koriandersamen,Gewürze,
gemahlenen Kardamon,Gewürze,
gemahlener Kardamom,Gewürze,
Gemüse-Bouillon,Gewürze,yes
Gemüse-Buoillon,Gewürze,
Gemüseboiullon,Gewürze,yes
Gemüsebouillon,Gewürze,yes
Gemüsebouillon-Würfel,Gewürze,
gemüsebouilon,Gewürze,
Gemüsebouilon (Alergenfrei),Gewürze,
Gemüseboulion,Gewürze,
Gemüseboullion,Gewürze,
Gemüseboullion glutenfrei,Gewürze,
Gemüsebrühe,Gewürze,yes
Gemüsebrühepulver,Gewürze,
Gemüsebuillion,Gewürze,
Gemüsebuillon,Gewürze,
Gemüsebuilon (Alergenfrei),Gewürze,
Gemüsebullion,Gewürze,
Gemüssebouillon,Gewürze,
Gemüsseboullion,Gewürze,
Gemüssebuillon,Gewürze,
getrocknete Guajillo-Chilis,Gewürze,
Gewürz,Gewürze,yes
Gewürze,Gewürze,yes
Gewürzmischung,Gewürze,
Gewürzmischung mex.,Gewürze,
Gewürzmischung Mexico,Gewürze,
Gewürznelken,Gewürze,yes
Glühweingewürz,Gewürze,
Glühweingewürzmischung,Gewürze,
Gochujang Paste,Gewürze,
Grillgewürz,Gewürze,
grüne Thai-Currypaste,Gewürze,
Guacamole Gewürzmischung,Gewürze,
Guacamole Würz,Gewürze,
Guacamole-Gewürz,Gewürze,
Guacamolegewürtz,Gewürze,
Guacamolegewütrz,Gewürze,
Guascas,Gewürze,
Gwürz,Gewürze,yes
Gwürze,Gewürze,
Harissa,Gewürze,yes
helle Soyasauce,Gewürze,
herbes de provence,Gewürze,
Herdöpfelgwürz,Gewürze,
Holy Thai Basil,Gewürze,
Härdöpfelgewürz,Gewürze,
Härdöpfelgwürz,Gewürze,
Härdöpfugwürz stedy,Gewürze,
Hühnerbouillon,Gewürze,yes
Hühnerbouillonwürfel,Gewürze,
Hühnerbuillon,Gewürze,yes
Ingverpulver,Gewürze,
Ingwer-Knoblauch Paste,Gewürze,
Ingwergewürz,Gewürze,
Ingwerpulver,Gewürze,
Italienisch Kreuter,Gewürze,
Italienische Kräuter,Gewürze,yes
Italienische Kräuter-Mix,Gewürze,
Italienische Kräutermischung,Gewürze,
Jalapenos,Gewürze,yes
Jalapeño,Gewürze,
Jalepegnos,Gewürze,
Jodsalz,Gewürze,
Kaffir-Limmetenblätter,Gewürze,
Kaffirlimetten,Gewürze,
Kalbsfond,Gewürze,yes
Kanel,Gewürze,
Kardamom,Gewürze,
Kardamomkapsel,Gewürze,yes
Kardamon,Gewürze,
Kardamonkapseln,Gewürze,yes
Kardamonpulver,Gewürze,yes
Kardomon,Gewürze,yes
Karoffelgewürz (aus Prodega),Gewürze,
Kartoffelgewürz,Gewürze,
Kartoffelgewürz (Pommes etc.),Gewürze,
Kartoffelgewürz spezial,Gewürze,
Keurzkümmelpulver,Gewürze,
kleine Chilischote,Gewürze,
Knoblauchbrot Gewürz-Mix,Gewürze,
Knoblauchgewürz,Gewürze,
Knoblauchpulver,Gewürze,
Knoblauchpulver Grosses Glas,Gewürze,
Knorr Vegane Braten-sauce s'Wunder,Gewürze,
Kochsalz,Gewürze,
Kokosraspel,Gewürze,yes
Kokosraspeln o.Ä.,Gewürze,
Kokossplitter,Gewürze,
Koriander,Gewürze,yes
Korianderblättchen,Gewürze,
Korianderpowder,Gewürze,
Korianderpulver,Gewürze,
Koriandersamen,Gewürze,
Korreander,Gewürze,
Kreuzkümel,Gewürze,
Kreuzkümel (Pulver),Gewürze,
Kreuzkümmel,Gewürze,yes
Kreuzkümmelpulver,Gewürze,yes
Kreuzkümmelsamen,Gewürze,yes
Krukuma-Pulver,Gewürze,
Kräuter,Gewürze,yes
Kräutergewürz,Gewürze,
Kräutermischung,Gewürze,
"Kräutermischung ""Italia""",Gewürze,
Kräutersalz,Gewürze,yes
Kuminpulver,Gewürze,
Kurkuma,Gewürze,yes
Kurkumapulver,Gewürze,
Kümmel,Gewürze,yes
Kümmelpulver,Gewürze,
Lavendel,Gewürze,
Lebkuchenpulver,Gewürze,
Limettenblätter,Gewürze,
Liquid Smoke,Gewürze,
Loorbeer,Gewürze,
Loorbeerbläter,Gewürze,yes
Lorbeer,Gewürze,
Lorbeer- oder Kaffirlimettenblatt,Gewürze,
Lorbeerblatt,Gewürze,yes
Lorbeerblätter,Gewürze,yes
Lorbeeren,Gewürze,
Lorberblätter,Gewürze,yes
Madras-Curry,Gewürze,
Maggi,Gewürze,yes
Maggi+Aromat,Gewürze,
Maggi-Würze,Gewürze,
Maggi??? (Allergene?),Gewürze,
Maio,Gewürze,
maionnaise,Gewürze,
Majo,Gewürze,
Majonaise,Gewürze,
Majoran,Gewürze,yes
Majoranblättchen gehackt,Gewürze,
Majoranzweige,Gewürze,
Mandras-Curry,Gewürze,
Mayo,Gewürze,
Mayo (TopCC),Gewürze,
Mayo (Vau - Ah - Ge - Ih - En - Ah) VEGAAAN,Gewürze,
Mayo für Wanderung,Gewürze,
Mayo gross,Gewürze,
Mayo vegan,Gewürze,
Mayo/Quark,Gewürze,
Mayonaise,Gewürze,yes
Mayonnaise,Gewürze,yes
Mayonniase,Gewürze,
MBudget Mayo,Gewürze,
Meersalz,Gewürze,yes
Mex Gewürzmischung,Gewürze,yes
Mexican Poulet-Gewürz (für 1.5kg Poulet),Gewürze,
mexikanische Gewürzmischung,Gewürze,
milde Thaicurry Paste,Gewürze,
milde Thaicurry Paste glutenfrei,Gewürze,
Minze,Gewürze,yes
Minzenblättchen zum Garnieren,Gewürze,
Minzenzweig,Gewürze,
Miso,Gewürze,
Miso Paste,Gewürze,
Misopaste,Gewürze,
Misopaste (hell),Gewürze,
Misopaste Saitaku,Gewürze,
mittelscharfe Chilischoten,Gewürze,
MSG,Gewürze,
Mukantnuss,Gewürze,
Muskat,Gewürze,yes
Muskatnuss,Gewürze,yes
Muskatnusspulver,Gewürze,
Muskatpulver,Gewürze,yes
Myonese,Gewürze,
Nelken,Gewürze,yes
Nelkenpulver,Gewürze,yes
No-Fish-Sauce,Gewürze,
Nägeli,Gewürze,
Oelek,Gewürze,
Old el Paso Gewürzmischung,Gewürze,
Old El Passo Mix,Gewürze,
Oliven-Tapenade,Gewürze,yes
Oregano,Gewürze,yes
Oreganoblättchen,Gewürze,
Oreganozweige,Gewürze,
Oyster Sauce,Gewürze,
Paella-Gewürz,Gewürze,
Panchovilla Mexican Mix,Gewürze,
Papkrikapulver,Gewürze,
Paprika,Gewürze,yes
Paprika-Edelsüss,Gewürze,
Paprika-Pulver,Gewürze,yes
Paprikagewürz,Gewürze,yes
Paprikapaste,Gewürze,
Paprikapulfer geräuchert,Gewürze,
Paprikapulver,Gewürze,yes
Paprikaschotte,Gewürze,
Pepe,Gewürze,
Peteril,Gewürze,
Peterli,Gewürze,yes
Peterli/Schnittlauch,Gewürze,
Peterlipulver,Gewürze,
Petersilie,Gewürze,yes
Petersilie/Schnittlauch,Gewürze,
Petersilienblätter,Gewürze,
Petersillie,Gewürze,yes
Pfeffer,Gewürze,yes
"Pfeffer, Salz",Gewürze,yes
Pfefferkörner,Gewürze,yes
Pfefferminze,Gewürze,yes
Piment,Gewürze,
Piri-Piri,Gewürze,
Piripiri,Gewürze,
Pizza-Gewürz,Gewürze,
Pizzagewürz,Gewürze,
Pizzakräuter,Gewürze,
Pizzapastagewürz,Gewürze,yes
poivre,Gewürze,
Pommesgewürz,Gewürze,
Pouletgewürz,Gewürze,
Provence-Kräutermischung,Gewürze,
Racelettegewürze,Gewürze,
Raclett-Gewürz,Gewürze,yes
Raclettgewürz,Gewürze,yes
Ras el Hanout,Gewürze,
Rinderbouillon,Gewürze,
Rindsbouillon,Gewürze,yes
rosemary,Gewürze,
Rosenpaprika,Gewürze,
Rosmarienzweige,Gewürze,yes
Rosmarin,Gewürze,yes
Rosmarinnadeln,Gewürze,yes
Rosmarinzweig,Gewürze,
Rostzweibeln,Gewürze,
Rostzwiebeln,Gewürze,
Rote Curry-Paste,Gewürze,
Räucherpaprika,Gewürze,
Röstzweibeln,Gewürze,
röstzwibeln,Gewürze,
Röstzwiebel,Gewürze,yes
Röstzwiebeln,Gewürze,
Röstzwiebeln (Edeka),Gewürze,
Röstzwiebeln (TopCC),Gewürze,
Röstzwiebeln fixfertig,Gewürze,
Röstzwieble,Gewürze,
Röstzwieblen,Gewürze,
Safran,Gewürze,yes
Safranfäden,Gewürze,
Safranpulver,Gewürze,
Sakatkräuter,Gewürze,
Salatgewürz,Gewürze,
Salatgwürz,Gewürze,
Salatkräuter,Gewürze,yes
Salbei,Gewürze,yes
Salbeiblatt,Gewürze,
Salbeiblätter,Gewürze,yes
Saltz,Gewürze,
Salz,Gewürze,yes
"Salz, Pfeffer",Gewürze,yes
"Salz,Pfeffer,paprika",Gewürze,
Salz/Pfeffer,Gewürze,yes
Salz\&Pfeffer,Gewürze,
Sambal Oelek,Gewürze,yes
Sambal Oelek (Lea nimmts mit),Gewürze,
Sambal Olek,Gewürze,
Saucenpulver,Gewürze,
Schnidlauch,Gewürze,
Schnittlauch,Gewürze,yes
Schnittlauch/Kräuter,Gewürze,
Schnittlauchröllchen,Gewürze,
Schnittzwiebel,Gewürze,
Senf,Gewürze,yes
Senfkörner,Gewürze,
Senfsamen,Gewürze,yes
Slatz,Gewürze,
Soja-Sauce,Gewürze,
Sojasauce,Gewürze,yes
Sojasosse,Gewürze,
Sojasoße,Gewürze,
Soy Sauce / Fish Sauce,Gewürze,
soya sauce,Gewürze,
Stedy Gewürtz,Gewürze,
Sternanis,Gewürze,yes
Streuwürze,Gewürze,yes
Tahini,Gewürze,yes
Tamari,Gewürze,
Tamari (oder einfach Salz),Gewürze,
Tamari-Sauce,Gewürze,
Tamari-Sojasauce,Gewürze,
Tamarinden Paste,Gewürze,
Tamarindenpaste,Gewürze,
Tamarisauce,Gewürze,
Teriyaki Sauce,Gewürze,
Teriyaki-Sauce,Gewürze,
tex mex beidi,Gewürze,
Tex Mex Gewürzmischung,Gewürze,
Texmex,Gewürze,
Thai-Basilikum,Gewürze,
Thai-Basilikum zum Garnieren,Gewürze,
Thai-Basilikumblättchen,Gewürze,
Thai-Paste,Gewürze,yes
Thamianzweige,Gewürze,
Thymian,Gewürze,yes
Thymianblättchen,Gewürze,yes
Thymianblätter,Gewürze,yes
Thymianpulver,Gewürze,
Thymianzweig,Gewürze,
Thymianzweige,Gewürze,
Thymianzweiglein,Gewürze,
Tortilla Gewürzmischung,Gewürze,yes
Tortillagewürzmischung,Gewürze,
Tortillagewürzmischung (Matheo!),Gewürze,
Turmeric,Gewürze,
V-Love Bio Veganaise,Gewürze,
Vanille,Gewürze,yes
Vanilleschote,Gewürze,yes
Vanilleschotte,Gewürze,yes
Vanillestange,Gewürze,
Vanillestängel,Gewürze,yes
vanillleschote,Gewürze,
Veganaise,Gewürze,
Veganaise (GF),Gewürze,
veganr Bratnesauce/boillon,Gewürze,
Vegi Booillon,Gewürze,
Vegibouillon,Gewürze,
Vegibratensauce,Gewürze,
Vegibratensauce (nach Packungsangabe),Gewürze,
Vegibratensauce (schon gekauft),Gewürze,
Wasabi,Gewürze,
Wasabi-Paste,Gewürze,
weisse Misopaste,Gewürze,
Wildkräuter,Gewürze,yes
Würzmischung Chicken Mix,Gewürze,
Za'Atar,Gewürze,yes
Zimmt,Gewürze,
Zimt,Gewürze,yes
Zimtgewürz,Gewürze,
Zimtpulver,Gewürze,yes
Zitronengras,Gewürze,yes
Zitronengrasstengel,Gewürze,
Zitronenmelisse,Gewürze,yes
Zitronenpfeffer,Gewürze,yes
Zmit,Gewürze,yes
Zwiebelpulver,Gewürze,
3 Packungen Kafeepulver,Grundnahrungsmittel,
Alternative Dart \& Suena,Grundnahrungsmittel,
Alternative Dart \& Suena (Resten/Spätzli),Grundnahrungsmittel,
Alternative Glutenfrei,Grundnahrungsmittel,
Alternative Glutenfrei/Milcheiweiss,Grundnahrungsmittel,
ausgewallte Flammkuchenteige (je ca. 24 x 33 cm),Grundnahrungsmittel,
Basler Mehlsuppe,Grundnahrungsmittel,
Basmati,Grundnahrungsmittel,yes
Basmati-Reis,Grundnahrungsmittel,
Basmatireis,Grundnahrungsmittel,yes
Berg-Magronen,Grundnahrungsmittel,yes
Bichermüesli Mischung,Grundnahrungsmittel,
Bio Familia Crisp,Grundnahrungsmittel,
Bircherflöckli,Grundnahrungsmittel,yes
Birchermüesli,Grundnahrungsmittel,
Birchermüeslimix,Grundnahrungsmittel,
Birchermüeslimix (ohne Nüsse),Grundnahrungsmittel,
Bonen,Grundnahrungsmittel,yes
Bramata-Mais,Grundnahrungsmittel,
Buchstaben,Grundnahrungsmittel,yes
Buchstaben-Teigwaren,Grundnahrungsmittel,
Buchstabensuppe,Grundnahrungsmittel,
Buchstabenteigwaren,Grundnahrungsmittel,
Buchstäbeli,Grundnahrungsmittel,
Buchweizen,Grundnahrungsmittel,
Buchweizennudeln,Grundnahrungsmittel,
Bugur,Grundnahrungsmittel,
Bulgur,Grundnahrungsmittel,
Butternudeln,Grundnahrungsmittel,yes
Café complet,Grundnahrungsmittel,
Cannelloni,Grundnahrungsmittel,yes
Canneloniröhren,Grundnahrungsmittel,
Canneloniröhren (vegan!),Grundnahrungsmittel,
Capellini,Grundnahrungsmittel,yes
Carnerolireis,Grundnahrungsmittel,
Carolina-Reis,Grundnahrungsmittel,
Chiasamen,Grundnahrungsmittel,
Chili-Bohnen,Grundnahrungsmittel,yes
Chinanudeln,Grundnahrungsmittel,
Chnöpflimehl,Grundnahrungsmittel,yes
Conflakes,Grundnahrungsmittel,
Conflakes/Müesli,Grundnahrungsmittel,
Corn Flakes,Grundnahrungsmittel,yes
Cornflakes,Grundnahrungsmittel,yes
Cornflakes/Müesli,Grundnahrungsmittel,
Cornflakes/Müsli,Grundnahrungsmittel,
Cornflex,Grundnahrungsmittel,yes
Country Cuts,Grundnahrungsmittel,yes
Couscous,Grundnahrungsmittel,yes
Crunch Müsli,Grundnahrungsmittel,
de pâtes,Grundnahrungsmittel,
Delicio-Kapseln,Grundnahrungsmittel,
Dinkelgrieß,Grundnahrungsmittel,
div Kaffeekapseln für Nespresso,Grundnahrungsmittel,
Dörrbohnen getrocknet,Grundnahrungsmittel,
Ebli,Grundnahrungsmittel,yes
Eier-Spätzli,Grundnahrungsmittel,
"Eier-Spätzli (Migros, M-Budget)",Grundnahrungsmittel,
Eiernudeln,Grundnahrungsmittel,yes
Eierspätzli,Grundnahrungsmittel,
"Ersatzbeilage (Aloe, Dart, Suena)",Grundnahrungsmittel,
Ersatzbeilage (Aloe\&Suena)),Grundnahrungsmittel,
Espresso,Grundnahrungsmittel,
Espresso-Kaffeebohnen gemahlen,Grundnahrungsmittel,
Fachiitas,Grundnahrungsmittel,
Fachitas,Grundnahrungsmittel,
Faijta,Grundnahrungsmittel,
Fajita glutenfrei,Grundnahrungsmittel,
Fajita Normal,Grundnahrungsmittel,
Fajita Vollkorn,Grundnahrungsmittel,
Fajita-Böden,Grundnahrungsmittel,
Fajitafladen,Grundnahrungsmittel,
Fajitafladen (Glutenfrei),Grundnahrungsmittel,
Fajitafladen Gluteinfrei,Grundnahrungsmittel,
Fajitas,Grundnahrungsmittel,yes
Falafelmischung,Grundnahrungsmittel,
Farfalle,Grundnahrungsmittel,yes
feine Vollkorn-Haferflocken,Grundnahrungsmittel,
Fertig-Flammkuchenteig,Grundnahrungsmittel,
Fertig-Püreepulver,Grundnahrungsmittel,
Fertigrösti,Grundnahrungsmittel,
Fertigrösti M-Budget,Grundnahrungsmittel,
Fettuccine,Grundnahrungsmittel,yes
Flade,Grundnahrungsmittel,
Fladenbrot/Tortilla,Grundnahrungsmittel,
Fladi,Grundnahrungsmittel,
Flammenkuchenteig (vegan),Grundnahrungsmittel,
Flammkuchenteig,Grundnahrungsmittel,yes
Fläden,Grundnahrungsmittel,yes
Flädli,Grundnahrungsmittel,
Flöckli,Grundnahrungsmittel,yes
Fusilli,Grundnahrungsmittel,yes
Fussili,Grundnahrungsmittel,
Gelberbsen,Grundnahrungsmittel,
Gemüsereis,Grundnahrungsmittel,
Gerste,Grundnahrungsmittel,
Gersten,Grundnahrungsmittel,
Gestampfter Uhu,Grundnahrungsmittel,
Getreideflocken,Grundnahrungsmittel,
Glasnudeln,Grundnahrungsmittel,
Glutenfreie Fadennudeln / Buchweizen,Grundnahrungsmittel,
glutenfreie Fajitafläden,Grundnahrungsmittel,
Glutenfreie Flade,Grundnahrungsmittel,
Glutenfreie Fladen,Grundnahrungsmittel,
Glutenfreie Suppeneinlage,Grundnahrungsmittel,
glutenfreie Suppenersatz,Grundnahrungsmittel,
Glutenfreie Teigis,Grundnahrungsmittel,
glutenfreie älplermagronis,Grundnahrungsmittel,
Glutenfreie-Pasta,Grundnahrungsmittel,
Glutenteigwaren,Grundnahrungsmittel,
Gluti Patsa,Grundnahrungsmittel,
Gluti-Teigwaren,Grundnahrungsmittel,
Gnocchi,Grundnahrungsmittel,yes
Granola,Grundnahrungsmittel,
Granola (glutenfrei),Grundnahrungsmittel,
Granola (z.B. Karma Sweet Potato Banana Granola),Grundnahrungsmittel,
Granola/Haferflocken,Grundnahrungsmittel,
Gries,Grundnahrungsmittel,
Griess,Grundnahrungsmittel,
Grüne Linsen,Grundnahrungsmittel,yes
Haferflocken,Grundnahrungsmittel,yes
Haferflöckli,Grundnahrungsmittel,
Hartweizengriess,Grundnahrungsmittel,yes
Hirse,Grundnahrungsmittel,
Hirse für Glutenfree,Grundnahrungsmittel,
Hirseflocken,Grundnahrungsmittel,
Hirseflocken (für Glutenfrei),Grundnahrungsmittel,
Hirseflocken/Haferflocken,Grundnahrungsmittel,
Honey Smacks,Grundnahrungsmittel,
Honignüssli / Frosties,Grundnahrungsmittel,
Hörndli,Grundnahrungsmittel,yes
Hörnli,Grundnahrungsmittel,yes
Hörnlisalatnudeln,Grundnahrungsmittel,yes
Instantkartoffelstock,Grundnahrungsmittel,
Jasmin-Reis,Grundnahrungsmittel,
Jasminreis,Grundnahrungsmittel,yes
kaffe,Grundnahrungsmittel,
Kaffe (ursula?),Grundnahrungsmittel,
Kaffe und Bialetti,Grundnahrungsmittel,
Kaffee,Grundnahrungsmittel,yes
Kaffee-Bohnen,Grundnahrungsmittel,
Kaffeebohnen,Grundnahrungsmittel,
Kaffeebohnen gross,Grundnahrungsmittel,
Kaffeekapseln,Grundnahrungsmittel,
Kaffeepulver,Grundnahrungsmittel,
Kaffekapsel,Grundnahrungsmittel,
Kaffekapseln,Grundnahrungsmittel,
Kaffepullver,Grundnahrungsmittel,
Kaffepulver,Grundnahrungsmittel,
Kaffepulver (gemahlen),Grundnahrungsmittel,
Kaffi,Grundnahrungsmittel,
Kaffichapsle für Nespressomaschiene,Grundnahrungsmittel,
Kafi,Grundnahrungsmittel,
Kafi Pulver,Grundnahrungsmittel,
Kafipulver,Grundnahrungsmittel,
Kartoffelgnocchi,Grundnahrungsmittel,
Kartoffelstock,Grundnahrungsmittel,yes
Kartoffelstockflocken,Grundnahrungsmittel,
Kartoffelstockà 110g,Grundnahrungsmittel,
Kartoffelstärke (als Saucenbinder/Dickflüssig),Grundnahrungsmittel,
Kellogg's Smacks,Grundnahrungsmittel,
Kellogs neutral,Grundnahrungsmittel,
Kellogs süss,Grundnahrungsmittel,
Kicherbsen,Grundnahrungsmittel,
Kichererben,Grundnahrungsmittel,
Kichererbsen,Grundnahrungsmittel,yes
Kidney-Bohnen,Grundnahrungsmittel,yes
Kirchererbsen getrocknet,Grundnahrungsmittel,
Kitneybohnen (Trocken),Grundnahrungsmittel,
Knabbermüesli,Grundnahrungsmittel,yes
Knabermüesli,Grundnahrungsmittel,yes
Knuspermüesli,Grundnahrungsmittel,yes
Knuspermüsli,Grundnahrungsmittel,
Knöpfli,Grundnahrungsmittel,yes
Kohlenhydrate fürs Zvieri,Grundnahrungsmittel,
Kokosblütenzucker,Grundnahrungsmittel,
Kombu,Grundnahrungsmittel,
Kombu Algen,Grundnahrungsmittel,
Konbu,Grundnahrungsmittel,
Krawättli,Grundnahrungsmittel,yes
Kristallzucker,Grundnahrungsmittel,yes
Langkornreis,Grundnahrungsmittel,yes
Lasagne,Grundnahrungsmittel,yes
Lasagne-Blätter,Grundnahrungsmittel,
Lasagneblätter,Grundnahrungsmittel,yes
Lasagneplatten,Grundnahrungsmittel,
Lasagneplatten (ohne Kochen),Grundnahrungsmittel,
Leinsamen,Grundnahrungsmittel,yes
Leinsamenschrot,Grundnahrungsmittel,
"Leiterzmorge, z. B. Müeseli",Grundnahrungsmittel,
Linguetten/Nudeln,Grundnahrungsmittel,yes
Linse,Grundnahrungsmittel,yes
Linsen,Grundnahrungsmittel,yes
M-Budget Gnocci,Grundnahrungsmittel,
M-Budget-Schokomüesli,Grundnahrungsmittel,
Maccaronen,Grundnahrungsmittel,yes
Maccaroni,Grundnahrungsmittel,
Maccaroni (davon 1 Pack glutenfreie Teigwaren),Grundnahrungsmittel,
Maccheroni,Grundnahrungsmittel,yes
Maccronis,Grundnahrungsmittel,yes
Magaroni,Grundnahrungsmittel,
Maggaroni,Grundnahrungsmittel,
Maggronen,Grundnahrungsmittel,
Maggronen glutenfrei,Grundnahrungsmittel,
Magronen,Grundnahrungsmittel,yes
Magronen/Hörnli,Grundnahrungsmittel,
Mais-Griess,Grundnahrungsmittel,
Mais-Tortillas (glutenfrei),Grundnahrungsmittel,
Maischips/Tortillachips,Grundnahrungsmittel,yes
Maiscornflakes,Grundnahrungsmittel,
Maisgriess,Grundnahrungsmittel,yes
Maistortillas,Grundnahrungsmittel,
Maizen,Grundnahrungsmittel,
Maizena,Grundnahrungsmittel,yes
Makaronen,Grundnahrungsmittel,
Makkarone,Grundnahrungsmittel,
Makkaronenteigwaren,Grundnahrungsmittel,
Makkaroni,Grundnahrungsmittel,yes
Makkaroni-Teigwaren,Grundnahrungsmittel,
Makkronen,Grundnahrungsmittel,yes
Maultaschen,Grundnahrungsmittel,
Mehrkornmehl,Grundnahrungsmittel,yes
Mie Noodles / Ramennudeln,Grundnahrungsmittel,
Mie-Nudeln,Grundnahrungsmittel,
Mifloc,Grundnahrungsmittel,yes
Mifloc-Kartoffelstock,Grundnahrungsmittel,
Milchreis,Grundnahrungsmittel,
Mittelkornreis,Grundnahrungsmittel,yes
Müesli,Grundnahrungsmittel,yes
Müesli/Cornflakes,Grundnahrungsmittel,
Müeslimischung,Grundnahrungsmittel,
Müscheli (Nudeln),Grundnahrungsmittel,
Müscheli-Teigwaren,Grundnahrungsmittel,
Müsli,Grundnahrungsmittel,
Müsli (M Classic),Grundnahrungsmittel,
Müsli Divers,Grundnahrungsmittel,
Nespresso Kaffichapsle,Grundnahrungsmittel,
Nestnudeln,Grundnahrungsmittel,
Noodles,Grundnahrungsmittel,
Noodlesoup,Grundnahrungsmittel,
Nori,Grundnahrungsmittel,
Nori Blätter,Grundnahrungsmittel,
Nori-Blätter,Grundnahrungsmittel,
Noriblätter,Grundnahrungsmittel,
Notfall-Ramen,Grundnahrungsmittel,
Nudeln,Grundnahrungsmittel,yes
Nudeln/Teigwaren,Grundnahrungsmittel,
Nüdeli,Grundnahrungsmittel,
Oel,Grundnahrungsmittel,yes
Orecchiette,Grundnahrungsmittel,yes
Ovomüesli,Grundnahrungsmittel,
Paccheri,Grundnahrungsmittel,yes
"Paella-Rundkornreis (Arroz Bomba, ersatzweise Risottoreis)",Grundnahrungsmittel,
Palmzucker,Grundnahrungsmittel,
Pappardelle,Grundnahrungsmittel,yes
Parfümreis,Grundnahrungsmittel,yes
Pasta,Grundnahrungsmittel,yes
Penne,Grundnahrungsmittel,yes
Pinienkrene,Grundnahrungsmittel,yes
Pizzoccheri,Grundnahrungsmittel,
Pizzoccheri (Buchweizennudeln),Grundnahrungsmittel,
Polenta,Grundnahrungsmittel,yes
Polenta/Maisgriess,Grundnahrungsmittel,
Pulvercaffee,Grundnahrungsmittel,
Pulverkaffee,Grundnahrungsmittel,
Pulverkaffee und Filter,Grundnahrungsmittel,
Püree,Grundnahrungsmittel,
Quinoa,Grundnahrungsmittel,yes
Ramen,Grundnahrungsmittel,
Ramen Noodles Saitaku,Grundnahrungsmittel,
Ramen-Nudeln,Grundnahrungsmittel,
Ravioli,Grundnahrungsmittel,yes
Reis,Grundnahrungsmittel,yes
Reis-Nudeln,Grundnahrungsmittel,
Reisblätter,Grundnahrungsmittel,
Reisnudeln,Grundnahrungsmittel,
Reisnudeln (Mittelbreit),Grundnahrungsmittel,
Reispapier,Grundnahrungsmittel,
Reispapier für Rols,Grundnahrungsmittel,
Reserve Döner Fläde,Grundnahrungsmittel,
Rice-Cryspeis neutral,Grundnahrungsmittel,
Rigatoni,Grundnahrungsmittel,yes
Risoletto,Grundnahrungsmittel,
Risotto,Grundnahrungsmittel,yes
Risotto-Reis,Grundnahrungsmittel,
Risotto-Reis (hat es bereits vom PfiLa),Grundnahrungsmittel,
Risottoreis,Grundnahrungsmittel,yes
Rissotto für 3,Grundnahrungsmittel,
Ristottreis,Grundnahrungsmittel,
Roasted Sesame,Grundnahrungsmittel,
Roggen,Grundnahrungsmittel,yes
Rohrzucker,Grundnahrungsmittel,yes
Rohzucker,Grundnahrungsmittel,yes
Rollgerste,Grundnahrungsmittel,yes
Rollgersten,Grundnahrungsmittel,yes
Rote Linsen,Grundnahrungsmittel,yes
Rotelinsen,Grundnahrungsmittel,
Rundkornreis,Grundnahrungsmittel,
Rösti,Grundnahrungsmittel,yes
Röstikartoffeln,Grundnahrungsmittel,
Saucenbinder,Grundnahrungsmittel,yes
Schokomüesli,Grundnahrungsmittel,yes
Semola,Grundnahrungsmittel,
Sesam,Grundnahrungsmittel,yes
Sesamkörner,Grundnahrungsmittel,
Sesamsaat,Grundnahrungsmittel,
Sesamsamen,Grundnahrungsmittel,
Sesamsamen (weiss \& schwarz),Grundnahrungsmittel,
Sesamsamen geröstet,Grundnahrungsmittel,
Smacks,Grundnahrungsmittel,
Smäcks,Grundnahrungsmittel,
Spagetthi (ohne EI!),Grundnahrungsmittel,
Spagetthi glutenfrei,Grundnahrungsmittel,
Spagetti,Grundnahrungsmittel,yes
Spaghetthi,Grundnahrungsmittel,yes
Spaghetti,Grundnahrungsmittel,yes
Spaghetti/Penne/Krawättli,Grundnahrungsmittel,
Spaghettini,Grundnahrungsmittel,yes
Spaghettoni (Hartweizengriess ohne Ei),Grundnahrungsmittel,
Speisestarke,Grundnahrungsmittel,
Speisestärke,Grundnahrungsmittel,
Spezspaghetti,Grundnahrungsmittel,
Spiralen,Grundnahrungsmittel,
Spätzle,Grundnahrungsmittel,yes
Spätzli,Grundnahrungsmittel,yes
Spätzlimehl,Grundnahrungsmittel,
Sticky Rice,Grundnahrungsmittel,
Stocki,Grundnahrungsmittel,yes
Stocki-Mischung,Grundnahrungsmittel,
Stocki-Pulver,Grundnahrungsmittel,
Stockipulver,Grundnahrungsmittel,yes
Stärke,Grundnahrungsmittel,yes
Sultarinen,Grundnahrungsmittel,yes
Suppen-ABC,Grundnahrungsmittel,
Suppenbuchstaben,Grundnahrungsmittel,
Suppenbuchstaben-Teigwaren,Grundnahrungsmittel,
Suppenteigwaren,Grundnahrungsmittel,yes
Sushi-Reis,Grundnahrungsmittel,
Sushireis,Grundnahrungsmittel,
Taco Shells,Grundnahrungsmittel,
Taco-Tortilla,Grundnahrungsmittel,
Tacos,Grundnahrungsmittel,
Tagliatelle,Grundnahrungsmittel,yes
Taigwahren,Grundnahrungsmittel,yes
Tapioka-Perlen,Grundnahrungsmittel,
Tapiokastärke,Grundnahrungsmittel,
Teigwaren,Grundnahrungsmittel,yes
Tortellini,Grundnahrungsmittel,yes
Tortelloni,Grundnahrungsmittel,yes
Tortias,Grundnahrungsmittel,
Tortiglioni,Grundnahrungsmittel,yes
Tortilla,Grundnahrungsmittel,
Tortilla (Plus Glutenfrei),Grundnahrungsmittel,
Tortilla Fladen,Grundnahrungsmittel,
Tortilla glutenfrei,Grundnahrungsmittel,
Tortilla glutenfrei 1 Pack,Grundnahrungsmittel,
Tortilla glutenfrei 1 Pack / evtl. 2 (weil nur kleine Wraps),Grundnahrungsmittel,
Tortilla Wraps,Grundnahrungsmittel,
Tortilla-Fladen,Grundnahrungsmittel,
Tortilla-Wraps,Grundnahrungsmittel,
Tortillas,Grundnahrungsmittel,yes
Tortillias,Grundnahrungsmittel,
Trockenreis,Grundnahrungsmittel,yes
Vermicelles,Grundnahrungsmittel,
Verschiedene Müsli je nach Budget,Grundnahrungsmittel,
Vollkorn-Hafermehl,Grundnahrungsmittel,
Vollkornmehl,Grundnahrungsmittel,yes
Vollkornreis,Grundnahrungsmittel,
Vollreis,Grundnahrungsmittel,yes
Wakame,Grundnahrungsmittel,
Weichweizengrieß,Grundnahrungsmittel,
weisser zuker,Grundnahrungsmittel,
Weizen Tortillas,Grundnahrungsmittel,yes
Weizen-Tortilla,Grundnahrungsmittel,
Weizen-Tortillas gross,Grundnahrungsmittel,
Weizen-Tortillas Old el Paso,Grundnahrungsmittel,
Weizenfladen,Grundnahrungsmittel,
Weizengriess,Grundnahrungsmittel,yes
Weizenkeimflocken,Grundnahrungsmittel,
Weizentorilla,Grundnahrungsmittel,
Weizentortilla,Grundnahrungsmittel,
Weizentortillas,Grundnahrungsmittel,
Weizentrotilla M-Budget,Grundnahrungsmittel,
Wildreis,Grundnahrungsmittel,yes
Wraps,Grundnahrungsmittel,
Wraps glutenfrei,Grundnahrungsmittel,
Wraps gross,Grundnahrungsmittel,
Wraps klein,Grundnahrungsmittel,
Xylit,Grundnahrungsmittel,
Zucker,Grundnahrungsmittel,yes
Zucker+Zimt,Grundnahrungsmittel,
Zucker/Honig,Grundnahrungsmittel,
zuker braun,Grundnahrungsmittel,
Zwieback,Grundnahrungsmittel,yes
Älplermagronen,Grundnahrungsmittel,yes
Älplermagroni (vegan),Grundnahrungsmittel,
Ajvar,Konserven,
Ananas Scheibe,Konserven,yes
Ananas-Scheiben,Konserven,yes
Ananasringe,Konserven,
Ananasscheibe Mini,Konserven,
Ananasscheiben,Konserven,yes
Ananasstücke aus der Dose,Konserven,
Anannasscheiben,Konserven,
Apfelmousse,Konserven,
Apfelmues,Konserven,
Apfelmus,Konserven,yes
Apfelmuss,Konserven,yes
Aprikosenhälften,Konserven,
Baby-Mais,Konserven,
Babygurken,Konserven,
Bambussprossen,Konserven,yes
Basilikumpesto,Konserven,
"Belatti Gehackt, Sauce",Konserven,
Birnenhälften,Konserven,
Birnenhälften aus der Dose,Konserven,
Bohnensalat,Konserven,
Borlotti-Bohnen aus der Dose,Konserven,
Borlottibohnen,Konserven,yes
Brushetta Tapenade,Konserven,
Büchsenfrüchte,Konserven,
Büchsenfrüchte (gross),Konserven,
Büchsenpfirsiche,Konserven,
Büchsenravioli,Konserven,
Cannellinibohnen,Konserven,
Cashewmus,Konserven,
Cocktailkirschen,Konserven,
Cocktailkirschen aus der Dose,Konserven,
Cocobohnen,Konserven,
Coconutmilk,Konserven,
Cornichon,Konserven,yes
Cornichons,Konserven,
Cornichons geschnitten,Konserven,
Cornichons Gürkchen,Konserven,
Cournichons,Konserven,
Dose Fruchtsalat,Konserven,
Dosen,Konserven,yes
Dosen Ananas,Konserven,yes
Dosen Pfirsich,Konserven,yes
Dosenaprikosen,Konserven,
Dosenbirne,Konserven,
Dosenbirnen,Konserven,
Dosenbonen,Konserven,
Dosencherrytomaten,Konserven,
Dosenerbsen,Konserven,
Dosenfruchtsalat,Konserven,
Dosenfrüchte,Konserven,yes
Dosenmais,Konserven,yes
Dosenmaiskörner,Konserven,
Dosenpelati,Konserven,
Dosenpfirsich,Konserven,
Dosenpfirsichhälften,Konserven,
Dosenravioli,Konserven,
Dosenravioli ala Boglonaise,Konserven,
Dosenravioli ala Verdure,Konserven,
Dosentomaten,Konserven,
Dosentomaten gehackt,Konserven,
DudelgOrK,Konserven,
Eingelegte Artischoken,Konserven,
Erbsen (aus Büchse),Konserven,
Erbsen (aus der Dose?),Konserven,
Erbsen kleine Dose,Konserven,
Erbsen und Möhren aus der Dose,Konserven,
Erbsen/Karotten fein aus der Dose,Konserven,
Erdbeerpüree,Konserven,
Ersen/Karotten fein aus der Dose,Konserven,
Esiggurken in Scheiben,Konserven,
Essiggemüse,Konserven,
Essiggurke,Konserven,yes
Essiggurken,Konserven,yes
Essiggurkenglas,Konserven,
Essiggurkenscheibe,Konserven,
Essiggurkili,Konserven,
Essiggürk,Konserven,
"Essiggürkchen, geschnitten",Konserven,
Essiggürkli,Konserven,
Essiggürkli aufgeschnitten,Konserven,
Essigurkenscheiben,Konserven,
Essigzwiebeln,Konserven,yes
Fertigsaucen (Pesto \& Tomaten),Konserven,
Fleischravioli aus der Büchse,Konserven,
Fruchtcocktail,Konserven,
Fruchtcocktail gross,Konserven,
Fruchtsalat (Dose),Konserven,
Fruchtsalat aus der Dose,Konserven,
Fruchtsalat Büchse,Konserven,yes
Früchtecoktail,Konserven,
Geschnittene Essiggürkli,Konserven,
Gewürzgurken,Konserven,yes
Guacamole,Konserven,
Guacamole (TopCC),Konserven,
Gurkenwasser,Konserven,
Görkedoodles,Konserven,
Gürkelini,Konserven,
Gürkli,Konserven,
Gürkli geschnitten,Konserven,
Haselnusmus,Konserven,
Haselnussmus,Konserven,
Hero Dosenravioli 1180g,Konserven,
Herzkirschen im Glas,Konserven,
Jackfruit,Konserven,
Kapern,Konserven,
Kappern,Konserven,
Kartoffelsalat,Konserven,
Kidney beans,Konserven,
Kidney-Beans,Konserven,
Kidneybeans Dose,Konserven,
Kidneybohnen,Konserven,yes
Kokosmilch,Konserven,yes
Kokosmilch/drink,Konserven,
Kokosnussmilch,Konserven,
Kokosrahm,Konserven,
kondensmilch,Konserven,yes
Kondesmilch,Konserven,
Kürbispure,Konserven,
Kürbispüree,Konserven,
Kürbissuppe,Konserven,
M-Budget Sandwiches-Gurken,Konserven,
Maisbüchse,Konserven,yes
Maiskolben (glas),Konserven,
Maiskölbchen,Konserven,
Maiskölbli,Konserven,
Maiskörner,Konserven,yes
Mandelmus,Konserven,yes
Mango-Chutney,Konserven,
Maronipüree,Konserven,
Marronipüree,Konserven,
Masikörner (Konserve),Konserven,
Minestrone aus der Dose,Konserven,
Mini-Maiskölbchen,Konserven,
Minimaiskolben,Konserven,
Nussmuß,Konserven,
Oliven,Konserven,yes
Pasata,Konserven,
Passata,Konserven,
Passata (Tomatensauce),Konserven,
Passata di Pomodoro,Konserven,
Pelati,Konserven,yes
Pelatitomaten,Konserven,
Pelatti,Konserven,yes
Peldor,Konserven,
Pellati,Konserven,
Pellati (gehackt),Konserven,yes
Pellati (mit Stücken),Konserven,
Pellati bio,Konserven,
Pepperonchini,Konserven,
Peso,Konserven,yes
Pesto,Konserven,yes
Pesto-Sauce,Konserven,
Pestosauce,Konserven,
Pfirsichhälfte,Konserven,
Pfirsichhälften,Konserven,
Pfirsichringe,Konserven,
Pickeld Ginger,Konserven,
Pickled Ginger,Konserven,
Pickled Gurk,Konserven,
Pomodori Secchi,Konserven,
Prix Garantie Süssmais,Konserven,
Red Kidney Bohnen,Konserven,yes
Roasted Pepper,Konserven,
rote Bohne,Konserven,
rote Tapenade,Konserven,
Rotebohnen,Konserven,yes
Rotkohl (Programm),Konserven,
Rotkraut,Konserven,yes
Saltgurke,Konserven,
Sandwiches-Gurken,Konserven,
Sandwichgurken,Konserven,
Sandwichgurken in Scheiben,Konserven,
Sardellen,Konserven,
Sardellen (ca. 30 g),Konserven,
Sardellenfilet (ca. 12 g),Konserven,
sardinen,Konserven,
Sauerkraut,Konserven,yes
sauerkraut/Weischabis,Konserven,
Saure Gürkchen,Konserven,
Schwarze Oliven,Konserven,yes
Silber/roti Zwiebeli,Konserven,
Silberzwiebel,Konserven,yes
Silberzwiebeli,Konserven,
Silberzwiebeln,Konserven,yes
Stalden CrÃ¨me,Konserven,yes
Stalden Crème,Konserven,
Staldencreme,Konserven,
Staldencrème,Konserven,
stalder creme,Konserven,
Stalder-creme Schoki,Konserven,
Suppe,Konserven,
Suppe für Vegis,Konserven,
Süssmais,Konserven,
Süssmais Dose,Konserven,
Tahin (Sesampaste),Konserven,
Tahina,Konserven,yes
Tahinipaste,Konserven,
Tomaten-Stücke (aus der Dose),Konserven,
Tomatenbüchse P,Konserven,
Tomatenbüchsen,Konserven,
Tomatendose,Konserven,
Tomatenkonzentrat,Konserven,
Tomatenmark,Konserven,yes
Tomatenpassata,Konserven,
Tomatenpaste,Konserven,
Tomatenpelati,Konserven,yes
Tomatenpuree,Konserven,
Tomatenpuree (TopCC),Konserven,
Tomatenpurre,Konserven,
Tomatenpurree,Konserven,
Tomatenpurrée,Konserven,
Tomatenpurée,Konserven,
Tomatenpü,Konserven,yes
tomatenpüre,Konserven,
Tomatenpüree,Konserven,yes
Tomatenpürree aus der Tube,Konserven,
Tomatenpüüre,Konserven,
Tomatenstücke,Konserven,
TomPü,Konserven,
Vegiravioli aus der Büchse,Konserven,
Vermicellesmasse fertig,Konserven,
weisse Böhnli,Konserven,yes
Weissebohnen,Konserven,
(Griechischer) Yoghurt,Milchprodukte und Eier,
(Reib)Käse,Milchprodukte und Eier,
(Reib-)Käse,Milchprodukte und Eier,
(Saucen)-Halbrahm,Milchprodukte und Eier,
"3,2 l Schokoladenmilch",Milchprodukte und Eier,
Ajran,Milchprodukte und Eier,
Alpkäse,Milchprodukte und Eier,yes
Alpro Not Milk,Milchprodukte und Eier,
Alsan,Milchprodukte und Eier,
Alsan/Margarine,Milchprodukte und Eier,
Alsan/Margerine,Milchprodukte und Eier,
Anke,Milchprodukte und Eier,yes
Appenzeller,Milchprodukte und Eier,
Appenzeller gerieben,Milchprodukte und Eier,
Appenzeller rezent,Milchprodukte und Eier,
"Appenzeller rezent, gerieben",Milchprodukte und Eier,
Appenzellerkäse,Milchprodukte und Eier,yes
aromatischer Hartkäse,Milchprodukte und Eier,
Aufstrichkäse,Milchprodukte und Eier,yes
Ayran,Milchprodukte und Eier,
Baby Bell,Milchprodukte und Eier,yes
Babybel,Milchprodukte und Eier,
Babybell,Milchprodukte und Eier,
Barista-Haferdrink,Milchprodukte und Eier,
Beerenjoghurt,Milchprodukte und Eier,
Bergkäse,Milchprodukte und Eier,yes
Bio Suisse Rahmjoghurt (griechische Art),Milchprodukte und Eier,
Blanc Battu,Milchprodukte und Eier,
Bratbutter,Milchprodukte und Eier,yes
Bratbutter/-crème,Milchprodukte und Eier,
Bratbutter/Butter zum Rösten,Milchprodukte und Eier,
Bratbuttr/Öl,Milchprodukte und Eier,
Bratcreme,Milchprodukte und Eier,
Bratcrème,Milchprodukte und Eier,
Bratcrème zum Bestreichen,Milchprodukte und Eier,
Bratcrème zum Beträufeln,Milchprodukte und Eier,
Burrata piccola,Milchprodukte und Eier,
Butter,Milchprodukte und Eier,yes
"Butter, weich",Milchprodukte und Eier,yes
Butter/ Aufstrich,Milchprodukte und Eier,
Butter/Pflanzenmargarine,Milchprodukte und Eier,
Butter/Pflanzenöl,Milchprodukte und Eier,
Butter/Öl,Milchprodukte und Eier,
Butterersatz,Milchprodukte und Eier,
Butterflöckli,Milchprodukte und Eier,
Buttermilch,Milchprodukte und Eier,
Butterschmalz,Milchprodukte und Eier,
Camonbert,Milchprodukte und Eier,
Cantadou oder Chanteneige,Milchprodukte und Eier,
Cheddar,Milchprodukte und Eier,yes
Cheddarkäse,Milchprodukte und Eier,
Chester,Milchprodukte und Eier,yes
Chäs,Milchprodukte und Eier,
Chäsli,Milchprodukte und Eier,
Chääs,Milchprodukte und Eier,
Craime Fraiche,Milchprodukte und Eier,
Cream,Milchprodukte und Eier,
Cream Cheese,Milchprodukte und Eier,
Cream fresch mit Kreutern,Milchprodukte und Eier,
Cream fresch nature,Milchprodukte und Eier,
Creme Fraich,Milchprodukte und Eier,
Creme Fraich laktosefrei,Milchprodukte und Eier,
Creme Fraiche,Milchprodukte und Eier,yes
Creme fraiche (vegan),Milchprodukte und Eier,
Creme fraiche gross,Milchprodukte und Eier,
Creme Fraiche laktosefrei,Milchprodukte und Eier,
Creme fraiche mit krätern,Milchprodukte und Eier,
Creme Fraiche mit und ohne,Milchprodukte und Eier,
Creme Fraiche o.ä,Milchprodukte und Eier,
Creme Fraiche vegan/laktosrfrei 400g,Milchprodukte und Eier,
Creme Fraise,Milchprodukte und Eier,
Creme Fraise Vegan,Milchprodukte und Eier,
Creme Frauke,Milchprodukte und Eier,
Creme Fraîche,Milchprodukte und Eier,
Creme Freche,Milchprodukte und Eier,yes
Creme Fresh,Milchprodukte und Eier,
Creme-Fraiche,Milchprodukte und Eier,
Creme-fraiche laktosefrei,Milchprodukte und Eier,
Creme-Fraise (Kräuter),Milchprodukte und Eier,
Cremefraiche,Milchprodukte und Eier,yes
Cremefraise,Milchprodukte und Eier,
Cremfrech,Milchprodukte und Eier,
Crème fraice,Milchprodukte und Eier,
crème fraich,Milchprodukte und Eier,
Crème fraiche,Milchprodukte und Eier,
Crème Fraiche mit Kräutern,Milchprodukte und Eier,
Crème fraiche à 500 gr,Milchprodukte und Eier,
Crème fraîche,Milchprodukte und Eier,yes
Crème fraîche (vegan),Milchprodukte und Eier,
Crème fraîche / laktosefrei,Milchprodukte und Eier,
Crème fraîche Laktorsefrei,Milchprodukte und Eier,
crème fraîche à 250 g,Milchprodukte und Eier,
Crème fraîche/Quark,Milchprodukte und Eier,
Crème-Fraiche,Milchprodukte und Eier,
Crèmefraîche (Migros),Milchprodukte und Eier,
Crèmefraîche (Molkerei),Milchprodukte und Eier,
créme fraîche,Milchprodukte und Eier,
de fromage frais (type féta),Milchprodukte und Eier,
Desser extrafin (Sauermilch),Milchprodukte und Eier,
Div. Käsesorten,Milchprodukte und Eier,
Doppelrahm,Milchprodukte und Eier,
Doppelrahm-Frischkäse mit Kräutern,Milchprodukte und Eier,
Doppelrahmfrischkäse,Milchprodukte und Eier,
Doppelrahmfrischkäse (z.B. Philadelphia),Milchprodukte und Eier,
Dosenrahm,Milchprodukte und Eier,
Dosenschlagrahm,Milchprodukte und Eier,
Double Cream,Milchprodukte und Eier,yes
Double Crème,Milchprodukte und Eier,
Ei,Milchprodukte und Eier,yes
Eier,Milchprodukte und Eier,yes
Eierer,Milchprodukte und Eier,
Eigelb,Milchprodukte und Eier,yes
einige Butterflocken,Milchprodukte und Eier,
Eiweiss,Milchprodukte und Eier,yes
Ementaler gerieben,Milchprodukte und Eier,
Emmentaler,Milchprodukte und Eier,yes
Emmentalerkäse,Milchprodukte und Eier,yes
Emmi drink,Milchprodukte und Eier,
Emmi Drink oder sonstiges,Milchprodukte und Eier,
etwas Mehlbutter,Milchprodukte und Eier,
Eyy,Milchprodukte und Eier,
Familienjogurt,Milchprodukte und Eier,
Fertig Fondue klein,Milchprodukte und Eier,
Fertig Tiramisu laktosefrei,Milchprodukte und Eier,
Feta,Milchprodukte und Eier,yes
Feta-Käse,Milchprodukte und Eier,
Fetablock,Milchprodukte und Eier,
Fetakäse,Milchprodukte und Eier,
fetthaltiger Naturjogurt,Milchprodukte und Eier,
Filadelphia,Milchprodukte und Eier,
Fondue Fertigmischung,Milchprodukte und Eier,
Fondue Gerber,Milchprodukte und Eier,yes
Fondue Gerber Fondue Mischung L'Original,Milchprodukte und Eier,
Fondue mische,Milchprodukte und Eier,
Fondue Mischung,Milchprodukte und Eier,
Fondue-Käsemischung,Milchprodukte und Eier,
Fonduemischung,Milchprodukte und Eier,
Fonduemsichungen,Milchprodukte und Eier,yes
frische Eigelbe,Milchprodukte und Eier,
frische Eiweisse,Milchprodukte und Eier,
Frischkäse,Milchprodukte und Eier,yes
Frischkäse/Hummus,Milchprodukte und Eier,
Frischkäse/o.ä. Brotbelag,Milchprodukte und Eier,
Frischkääs,Milchprodukte und Eier,
Fruchtjoghurt,Milchprodukte und Eier,yes
Früchtejoghurt,Milchprodukte und Eier,
Früchtejogurt,Milchprodukte und Eier,
Früchteyogut,Milchprodukte und Eier,
gekochte Ostereier,Milchprodukte und Eier,
Geraffelter Käse(Cheddar),Milchprodukte und Eier,
Gerber Chäsli,Milchprodukte und Eier,yes
Gerber Fondue (Fertigmischung a 800g),Milchprodukte und Eier,
geriebener Appenzeller,Milchprodukte und Eier,
geriebener Hartkäse,Milchprodukte und Eier,
geriebener Parmino*,Milchprodukte und Eier,
geriebener Sbinz,Milchprodukte und Eier,
Ghee,Milchprodukte und Eier,yes
Gorgonzola,Milchprodukte und Eier,
Gouda,Milchprodukte und Eier,
Gouda gerieben,Milchprodukte und Eier,
Grana,Milchprodukte und Eier,
Grana Padano,Milchprodukte und Eier,yes
Grana Padano gerieben,Milchprodukte und Eier,
Greyerzer,Milchprodukte und Eier,yes
Greyerzkäse gerieben,Milchprodukte und Eier,
Greyezer,Milchprodukte und Eier,yes
griechischer Jogurth,Milchprodukte und Eier,
Griechischer Yoghurt,Milchprodukte und Eier,
griechisches Joghurt,Milchprodukte und Eier,yes
Griechisches Jogurth Gross,Milchprodukte und Eier,
Griechisches Yoh-kurt,Milchprodukte und Eier,
Grilkäse o.ä.,Milchprodukte und Eier,
Grill-Käse,Milchprodukte und Eier,
Grillkäse,Milchprodukte und Eier,yes
Grillkäse/Vegiwurst??,Milchprodukte und Eier,
Gruyere,Milchprodukte und Eier,yes
Gruyere-Käse,Milchprodukte und Eier,
Gruyerekäse,Milchprodukte und Eier,
Gruyère,Milchprodukte und Eier,yes
Gruyére,Milchprodukte und Eier,
Hafer Cuisine,Milchprodukte und Eier,
Hafer- oder Sojasahne,Milchprodukte und Eier,
Hafer-Rahm,Milchprodukte und Eier,
Hafer/Sojamilch,Milchprodukte und Eier,
Haferdrink,Milchprodukte und Eier,yes
Hafermilch,Milchprodukte und Eier,
Hafermilch (2 Flaschen),Milchprodukte und Eier,
"Hafermilch (Alpro ""This Is Not Milk"")",Milchprodukte und Eier,
Hafermilch (Polenta),Milchprodukte und Eier,
Hafermilch (V),Milchprodukte und Eier,
Hafermilch 0.5lt,Milchprodukte und Eier,
Haferrahm,Milchprodukte und Eier,
Haffermilch,Milchprodukte und Eier,
Haffermilch (V),Milchprodukte und Eier,
Halbfettquark,Milchprodukte und Eier,yes
Halbrahm,Milchprodukte und Eier,yes
Halbrahn/Vegan,Milchprodukte und Eier,
Halloumi,Milchprodukte und Eier,
"Halloumi (Migros, M-Budget)",Milchprodukte und Eier,
Halloumi o.Ä,Milchprodukte und Eier,
Haloumi,Milchprodukte und Eier,yes
Halumni,Milchprodukte und Eier,
Hamburgerkäse,Milchprodukte und Eier,
Harkäse,Milchprodukte und Eier,
Hartkäse,Milchprodukte und Eier,
Hartkäse gemischt,Milchprodukte und Eier,
Hartkäse Mild,Milchprodukte und Eier,
Hartkäse Rezent,Milchprodukte und Eier,
Hüttenkäse,Milchprodukte und Eier,yes
Joghurt,Milchprodukte und Eier,yes
Joguhrt Laktosefrei,Milchprodukte und Eier,
Joguhrt nature,Milchprodukte und Eier,
Jogurt,Milchprodukte und Eier,yes
Jogurth vegan,Milchprodukte und Eier,
Jogurth vegan (500g),Milchprodukte und Eier,
Johgurt,Milchprodukte und Eier,
Kaffee-Rahm,Milchprodukte und Eier,
Kaffeerahm,Milchprodukte und Eier,yes
Kafferahm,Milchprodukte und Eier,yes
kafirahm,Milchprodukte und Eier,
Kirikäsli,Milchprodukte und Eier,
Kochbutter,Milchprodukte und Eier,yes
Kochrahm,Milchprodukte und Eier,
Kokosdrink,Milchprodukte und Eier,
Kokosjoghurt,Milchprodukte und Eier,
Kokosnussmilch-Jogurt,Milchprodukte und Eier,
Kräuterbutter,Milchprodukte und Eier,yes
Kräutercreme Freche,Milchprodukte und Eier,
Kräuterfrischkäse,Milchprodukte und Eier,
Kuh-/Hafermilch,Milchprodukte und Eier,
Kuhmilch,Milchprodukte und Eier,
Käse,Milchprodukte und Eier,yes
"Käse-Riegel, einzeln abgepackt (1kg)",Milchprodukte und Eier,
Käse-Scheiben,Milchprodukte und Eier,
Käse/Aufschnitt,Milchprodukte und Eier,
Käse??,Milchprodukte und Eier,
Käseaufschnitt,Milchprodukte und Eier,
Käsemischung,Milchprodukte und Eier,
Käsescheiben,Milchprodukte und Eier,yes
Käsescheibletten,Milchprodukte und Eier,
Käsli,Milchprodukte und Eier,yes
lakti milch!!!,Milchprodukte und Eier,
Lakti Rahm!,Milchprodukte und Eier,
lakti suurrahm,Milchprodukte und Eier,
Laktibutter,Milchprodukte und Eier,
Laktidessert,Milchprodukte und Eier,
lakto/vegan alternative,Milchprodukte und Eier,
laktosefreie Mozzarellakügelchen,Milchprodukte und Eier,
laktosefreier Creme Fraiche,Milchprodukte und Eier,
LC1 VAnillejoghurt,Milchprodukte und Eier,
Luzerner Rahmkäse,Milchprodukte und Eier,
Luzerner Rahmkäse gerieben,Milchprodukte und Eier,
Magarine,Milchprodukte und Eier,
Magermilchpulver,Milchprodukte und Eier,
Magerquark,Milchprodukte und Eier,yes
Mandeldrink,Milchprodukte und Eier,
Mandelmilch,Milchprodukte und Eier,
Mandelmilch / Hafermilch / Dinimuettermilch,Milchprodukte und Eier,
Margarine,Milchprodukte und Eier,yes
Margerine,Milchprodukte und Eier,yes
Margerine/Butter,Milchprodukte und Eier,yes
Marscapone,Milchprodukte und Eier,
Mascabone,Milchprodukte und Eier,yes
Mascarpone,Milchprodukte und Eier,yes
Masscarbone,Milchprodukte und Eier,
Mastscharpone,Milchprodukte und Eier,
Mich,Milchprodukte und Eier,
Milch,Milchprodukte und Eier,yes
Milch-Ersatz,Milchprodukte und Eier,
Milch/Rahm,Milchprodukte und Eier,
Milchdrink,Milchprodukte und Eier,
Milchlaktosefrei,Milchprodukte und Eier,
Milchwasser,Milchprodukte und Eier,
Milchwasser (halb Milch/halb Wasser),Milchprodukte und Eier,
Minimozzarella,Milchprodukte und Eier,
Morzarella,Milchprodukte und Eier,yes
Mozarela gerieben,Milchprodukte und Eier,
Mozarelakugeln,Milchprodukte und Eier,yes
Mozarella,Milchprodukte und Eier,yes
Mozarella-Käse,Milchprodukte und Eier,
Mozarrella Gerieben,Milchprodukte und Eier,
Mozerella,Milchprodukte und Eier,yes
Mozza,Milchprodukte und Eier,
Mozzarella,Milchprodukte und Eier,yes
Mozzarella Kugeln,Milchprodukte und Eier,yes
Mozzarellakugeln,Milchprodukte und Eier,yes
Mozzarellakügeli,Milchprodukte und Eier,
Mozzarrella,Milchprodukte und Eier,
Mozzerella kugeln,Milchprodukte und Eier,
Mozzerella-Perlen,Milchprodukte und Eier,yes
Mozzi,Milchprodukte und Eier,
Natur- und Früchtejoghurt,Milchprodukte und Eier,
Nature Jogurt,Milchprodukte und Eier,yes
Nature Yoghurt,Milchprodukte und Eier,
Nature-Joghurt,Milchprodukte und Eier,
Naturejoghurt,Milchprodukte und Eier,
Naturejogurt,Milchprodukte und Eier,yes
Naturjoghurt,Milchprodukte und Eier,yes
Naturjogurt oder griechischer Jogurth,Milchprodukte und Eier,
Naturjogurth,Milchprodukte und Eier,
Oatly,Milchprodukte und Eier,
Oatly-Rahm zum Kochen,Milchprodukte und Eier,
Ostereier Gekocht,Milchprodukte und Eier,
Paneer,Milchprodukte und Eier,yes
Parmesan,Milchprodukte und Eier,yes
Parmesan/Mozarella,Milchprodukte und Eier,
Parmesan/Sbrinz,Milchprodukte und Eier,
Parmesan/Sbrinz gerieben,Milchprodukte und Eier,
Parmesankäse,Milchprodukte und Eier,
Parmesanstücken,Milchprodukte und Eier,
Parmiggiano,Milchprodukte und Eier,
Parmigiano,Milchprodukte und Eier,
Pecorino,Milchprodukte und Eier,yes
Pecoriono romano,Milchprodukte und Eier,
Pflanzen-Drink (Hafer),Milchprodukte und Eier,
Pflanzendrink,Milchprodukte und Eier,
Pflanzendrink (Hafer),Milchprodukte und Eier,
Pflanzendrink (Hafermilch),Milchprodukte und Eier,
Pflanzenmargarine,Milchprodukte und Eier,
Pflanzenmilch,Milchprodukte und Eier,
Philadelphia,Milchprodukte und Eier,
Philadelphia (Günstig),Milchprodukte und Eier,
Philadelphia nature,Milchprodukte und Eier,
Picknick-Eier,Milchprodukte und Eier,
Pizzakäse,Milchprodukte und Eier,
Pizzakäse/Mozzarella,Milchprodukte und Eier,
Portionenbutter,Milchprodukte und Eier,
Prix Garantie Grana Padano gerieben,Milchprodukte und Eier,
Pro Montagna Berg-Vollmilch,Milchprodukte und Eier,
Qimiq,Milchprodukte und Eier,
Quark,Milchprodukte und Eier,yes
Raccletkäse,Milchprodukte und Eier,
Raclette,Milchprodukte und Eier,
Raclette-Käse,Milchprodukte und Eier,
Raclettekäse,Milchprodukte und Eier,yes
Raclettkäse,Milchprodukte und Eier,yes
Rahm,Milchprodukte und Eier,yes
Rahm/vegan,Milchprodukte und Eier,
Rahmersatz,Milchprodukte und Eier,
Rahmhalter,Milchprodukte und Eier,
Rahmjoghurt,Milchprodukte und Eier,
Rahmjoghurt (griechische Art),Milchprodukte und Eier,
Rahmjoghurt nature,Milchprodukte und Eier,
Rahmjoghurt nature (griechische Art),Milchprodukte und Eier,
Rahmkäse,Milchprodukte und Eier,
Rahmquark,Milchprodukte und Eier,yes
Rahmschmelzkäse,Milchprodukte und Eier,yes
Reibekäse vegan,Milchprodukte und Eier,
Reibkäse,Milchprodukte und Eier,yes
Reibkäse(Parmesan) (TopCC),Milchprodukte und Eier,
Reibköse,Milchprodukte und Eier,
Reibäse,Milchprodukte und Eier,
Reisdrink Aldi,Milchprodukte und Eier,
Reisdrink Mathéo,Milchprodukte und Eier,
Reismandel-Drink,Milchprodukte und Eier,
Reismilch,Milchprodukte und Eier,
rezenter Appenzeller,Milchprodukte und Eier,
Ricotta,Milchprodukte und Eier,yes
Riebchääääs,Milchprodukte und Eier,
Riebchääääs tex mex am beste,Milchprodukte und Eier,
Riibchääs,Milchprodukte und Eier,
Rührei,Milchprodukte und Eier,
Sahne,Milchprodukte und Eier,yes
Salatkäse (Fetaart),Milchprodukte und Eier,
Salatkäse (Fetaart) laktosefrei falls möglich,Milchprodukte und Eier,
Sandwich-Käsescheiben,Milchprodukte und Eier,
Sandwichkäse,Milchprodukte und Eier,
Saucen-Halbrahm,Milchprodukte und Eier,
Saucen-Halbrahm laktosefrei,Milchprodukte und Eier,
Saucen-Halbram,Milchprodukte und Eier,
Saucenhalbrahm,Milchprodukte und Eier,
Saucenrahm,Milchprodukte und Eier,
Sauermilch,Milchprodukte und Eier,yes
Sauerrahm,Milchprodukte und Eier,yes
Sauerrahm/Quark,Milchprodukte und Eier,
saurer Halbrahm,Milchprodukte und Eier,yes
Sbrienz,Milchprodukte und Eier,
Sbrinz,Milchprodukte und Eier,yes
Sbrinz-Hobelrollen,Milchprodukte und Eier,
Sbrinz/Parmesan gerieben,Milchprodukte und Eier,
Schablettenkäse,Milchprodukte und Eier,
Schabzigerstöckli,Milchprodukte und Eier,
Scheiben Schweizer Schmelzkäse,Milchprodukte und Eier,
Scheibenkäse,Milchprodukte und Eier,yes
Scheiblettenkäse,Milchprodukte und Eier,
Schiebechäs,Milchprodukte und Eier,
Schlagcreme,Milchprodukte und Eier,
Schlagrahm,Milchprodukte und Eier,yes
Schlagram,Milchprodukte und Eier,
Schlagsahne,Milchprodukte und Eier,
Schmelzkäse,Milchprodukte und Eier,
Schmelzkäse (Tex Mex),Milchprodukte und Eier,
Schoggidrink,Milchprodukte und Eier,
Schoggijoghurt,Milchprodukte und Eier,
Schokidrink,Milchprodukte und Eier,
Schokoladenmilch,Milchprodukte und Eier,
Schokomilch,Milchprodukte und Eier,
Schokomilch/Kaffee,Milchprodukte und Eier,
Schweizer Mozzarellaperlen oder Mozzarelline,Milchprodukte und Eier,
Schweizer Pizzamozzarella,Milchprodukte und Eier,
Soja-Joghurt,Milchprodukte und Eier,
Soja-Milch,Milchprodukte und Eier,
Soja-Rahm,Milchprodukte und Eier,
Sojadrink,Milchprodukte und Eier,
Sojajoghurt,Milchprodukte und Eier,
Sojajoghurt Alpro,Milchprodukte und Eier,
Sojajoghurt Natur,Milchprodukte und Eier,
Sojajogurt,Milchprodukte und Eier,
Sojamilch,Milchprodukte und Eier,yes
Sojarahm,Milchprodukte und Eier,yes
Spiegelei,Milchprodukte und Eier,
Sprinz,Milchprodukte und Eier,yes
Sprinz/Reibkäse,Milchprodukte und Eier,
Spritzrahm,Milchprodukte und Eier,
Sprühdosenrahm,Milchprodukte und Eier,
Sprühnidle,Milchprodukte und Eier,
Sprührahm,Milchprodukte und Eier,
Sprühram aus Dose,Milchprodukte und Eier,
Sprühsahne,Milchprodukte und Eier,
Streichkäse,Milchprodukte und Eier,yes
Streichkäse/Alnatura Aufstrich,Milchprodukte und Eier,
Streukäse,Milchprodukte und Eier,
Streukäse (für Fajitas),Milchprodukte und Eier,
TexMex-Käsemischung,Milchprodukte und Eier,
Tilsiter,Milchprodukte und Eier,yes
Toast-Schmelzkäse,Milchprodukte und Eier,
Toastkäse,Milchprodukte und Eier,
Tommes,Milchprodukte und Eier,yes
UHT,Milchprodukte und Eier,
Vacherin,Milchprodukte und Eier,
Valflora IP Suisse,Milchprodukte und Eier,
Vanillejoghurt,Milchprodukte und Eier,
veg. Milchdrink,Milchprodukte und Eier,
Vegan Block,Milchprodukte und Eier,
Vegan Creme Fraiche,Milchprodukte und Eier,
Vegan Creme fraiche (1 Stk.),Milchprodukte und Eier,
Vegan Yoghurt,Milchprodukte und Eier,
Vegane Cheese,Milchprodukte und Eier,
Vegane Creme Fraiche,Milchprodukte und Eier,
veganen Pizzakäse,Milchprodukte und Eier,
veganer Butter-Ersatz,Milchprodukte und Eier,
veganer Hirtenkäse oder so,Milchprodukte und Eier,
veganer Rahm-Ersatz,Milchprodukte und Eier,
veganer Rahm/Sojarahm,Milchprodukte und Eier,
Veganer Schmelzkäse,Milchprodukte und Eier,
Veganer Sojaqark oder Veganer Skyr,Milchprodukte und Eier,
Veganer Streukäse,Milchprodukte und Eier,
Veganer Yoghurt,Milchprodukte und Eier,
Veganes Creme fraiche,Milchprodukte und Eier,
Veganes Jogurth,Milchprodukte und Eier,
Vegi-Joghurt,Milchprodukte und Eier,
Vegi-Scheibenkäse,Milchprodukte und Eier,
Vegikäse,Milchprodukte und Eier,
Vollmilch,Milchprodukte und Eier,yes
Vollrahm,Milchprodukte und Eier,yes
Vollrahm/Laktosefrei,Milchprodukte und Eier,
Weichkäse,Milchprodukte und Eier,
"Weichkäse, z.B. Tomme, Brie Suisse",Milchprodukte und Eier,
Weichäse,Milchprodukte und Eier,
Yoghurt,Milchprodukte und Eier,
Yoghurt Nature,Milchprodukte und Eier,
Yogurt nature,Milchprodukte und Eier,
Ziegenfrischkäse,Milchprodukte und Eier,
(auch Glutenfreies),Non-Food,
Abfallsack,Non-Food,yes
Abfallsäcke,Non-Food,yes
Abtrocknungstücher,Non-Food,
Abwachmittel,Non-Food,yes
Abwaschbesen,Non-Food,yes
Abwaschbürste,Non-Food,yes
Abwaschbürsteli,Non-Food,
Abwaschlappen,Non-Food,yes
Abwaschmittel,Non-Food,yes
Abwaschschwämm,Non-Food,
Abwaschschwümme,Non-Food,
Abwäschschwämme,Non-Food,
aktionsstuff,Non-Food,
Allzweckreiniger,Non-Food,
Alufolfie,Non-Food,
Alufolie,Non-Food,yes
Alufolienstücke,Non-Food,
Aluformen (Für auf Grill),Non-Food,
Aluminium Folie,Non-Food,
Aluminiumfolie,Non-Food,yes
Aluschalen,Non-Food,
Amerikanische Zahnstocherfahnen,Non-Food,
Andere Beläge,Non-Food,
Anzünder,Non-Food,
Anzündwürfel,Non-Food,
Apfelschnitzer/stanzer,Non-Food,
Après-Soleil,Non-Food,
Aufolie,Non-Food,
Bachtrennpapier,Non-Food,
Backpapier,Non-Food,yes
Backtrennpapier,Non-Food,
Becher,Non-Food,yes
Belasto,Non-Food,
Beutel,Non-Food,
Beutel für Sandwich (Lagerkiste),Non-Food,
Bialetti,Non-Food,
Blechrein,Non-Food,yes
Bleistifte,Non-Food,yes
Bodenputzmittel,Non-Food,yes
Brennpaste,Non-Food,yes
Brennsprit,Non-Food,yes
BrettlI,Non-Food,
Briketts,Non-Food,
Büchsenöffner,Non-Food,yes
Bürsteli,Non-Food,
Bürstelli,Non-Food,yes
Bütschgientferner,Non-Food,
Campingstuhl,Non-Food,
Campingtisch,Non-Food,
Champagnergläser,Non-Food,yes
Champgläser (vorhanden),Non-Food,
Cherzli,Non-Food,
chlebband und edding,Non-Food,
Chläbi,Non-Food,
cooles Zelt,Non-Food,
Dachlatten,Non-Food,yes
Dekomaterial?,Non-Food,
Dekosachen,Non-Food,
Dessertbecher,Non-Food,yes
div. Kiosk ca. 3x,Non-Food,
Diverse Kleinigkeiten für die Leiter,Non-Food,
"Diverse Kleinigkeiten für die Leiter (z. B. Honigmelone, Landjäger)",Non-Food,
Dosenöffner,Non-Food,
Drahtgitter,Non-Food,yes
Druckerpatronen 305,Non-Food,
Edding,Non-Food,
einweg lumpen,Non-Food,
Einweggeschirr inkl. Besteck,Non-Food,
Einweghandschuhe,Non-Food,
Einweghandschuhe Schwarz XL,Non-Food,
Erde,Non-Food,
Essen Falk,Non-Food,
evtl. Spessli,Non-Food,
Fakeln,Non-Food,yes
farbige Stifte,Non-Food,
Fette Stohhalme!!!,Non-Food,
Fettlöser,Non-Food,
Feuchttücher,Non-Food,yes
Feuerzeug,Non-Food,
Filter,Non-Food,
Fliegenfuckers,Non-Food,
Flötenkessel,Non-Food,yes
Fotodrucker,Non-Food,
Frischhaltefolie,Non-Food,yes
Förmli,Non-Food,
Förmli/Schäli,Non-Food,
Gabel,Non-Food,yes
Gaffatape,Non-Food,
geburi cherze,Non-Food,
Geburikerzen,Non-Food,
Geburtstagskerze,Non-Food,
Geburtstagskerzen,Non-Food,
Geburtstagskerzli,Non-Food,
Gefrierbeutel,Non-Food,
Gefrierbeutel mit Zip (1l + 3l),Non-Food,
Geili Behälter für Geschirr (verschliessbar),Non-Food,
Gemüseraffel,Non-Food,
Geschirrspülmittel,Non-Food,
Gewürzbeutel,Non-Food,
gewürzkiste,Non-Food,
Giselle,Non-Food,
Grillauflagen?,Non-Food,
Grillschale,Non-Food,
Grillspiesse,Non-Food,
Grillzange,Non-Food,
grosse Gläser,Non-Food,
grosse Knistersäckli,Non-Food,
grosses Knister-seckli,Non-Food,
Grüne Kisten,Non-Food,
grünes Tüpper,Non-Food,
Handmixer,Non-Food,
Handschuhe,Non-Food,yes
Handschuhe!!!,Non-Food,
Handseife,Non-Food,yes
Handseifen (Lagerkiste),Non-Food,
Handtücher,Non-Food,
Haushaltpapier,Non-Food,yes
Haushaltspapier,Non-Food,
Haushaltspapierrollen,Non-Food,yes
Holz Spiess,Non-Food,
Holzgrillspies,Non-Food,
Holzspiese,Non-Food,yes
Holzspiess,Non-Food,
Holzspiesschen,Non-Food,yes
Holzspiesse,Non-Food,yes
Holzspiessli,Non-Food,yes
Hygienebeutel,Non-Food,yes
Isolierbecher,Non-Food,
Kaffebecher,Non-Food,
Kaffee-Maschine,Non-Food,
Kaffeefilter,Non-Food,
Kaffilöffel,Non-Food,yes
Kartoffelstampfer oder Presse,Non-Food,
Kartonteller,Non-Food,
Kehrichtsäcke,Non-Food,yes
Kerichtsack,Non-Food,yes
Kerze,Non-Food,
Kiste für Aloe,Non-Food,
Klarsichtfolie,Non-Food,
Klarsichtfolie (Lagerkiste),Non-Food,
Klebeband,Non-Food,
Klebeband (Lagerkiste),Non-Food,
kleines Zelt,Non-Food,
Knisterseckli,Non-Food,yes
Knistersäckli bizzli,Non-Food,
Knoblauchpresse,Non-Food,
Knuspersäcke,Non-Food,
Kochschürze,Non-Food,
Kohle,Non-Food,yes
Kohlen Briketts,Non-Food,
Konditor Pinsel,Non-Food,
Kopierpapier,Non-Food,yes
Kreidestift,Non-Food,
Kugi,Non-Food,
kübelsäcke,Non-Food,
Küchenhilfe Kids,Non-Food,
Küchenlappenb,Non-Food,
Küchenmaschine,Non-Food,
Küchenmesser,Non-Food,
Küchenpapier,Non-Food,
Küchenputzspray,Non-Food,
Küchenzubehör,Non-Food,
Laminierfolien,Non-Food,
Lappen,Non-Food,
Latexhandschuhe,Non-Food,
Leitergschirr,Non-Food,
Lumpe,Non-Food,
Lumpen,Non-Food,
Lunch Plastik Säckli,Non-Food,
Lunch Säckli,Non-Food,
Lunchsack,Non-Food,
Lunchsäckli,Non-Food,
lustiges Zügs,Non-Food,
Löffel,Non-Food,yes
Lümpe,Non-Food,
Malerband,Non-Food,
Mandoline,Non-Food,
Mehrzweckbeutel,Non-Food,
Messbecher,Non-Food,
Messer,Non-Food,yes
metallspiess Ruth,Non-Food,
Mixer /pürierstab,Non-Food,
Muffinformen,Non-Food,
Muffinfömchen,Non-Food,
Muffinförmli,Non-Food,
Muffinförmli Papier,Non-Food,
Muffinpapier,Non-Food,yes
Musikbox,Non-Food,
Müllstäcke gross,Non-Food,
Müllsäcke,Non-Food,yes
nach Anleitung zubereiten,Non-Food,
Nicer Dicer,Non-Food,
Papier,Non-Food,
Papier für Hände,Non-Food,
Papierbecher 2-2.5dl,Non-Food,
Papierklebeband,Non-Food,
Papierklebeband (Lagerkiste),Non-Food,
Papierrolle Grooooooooooss,Non-Food,
Papteller,Non-Food,
Pavillon,Non-Food,
Pinsel,Non-Food,
Plastick-Säcklein/Papiertüten,Non-Food,
Plastikbecher,Non-Food,yes
Plastiksack,Non-Food,
Plastiksäckchen,Non-Food,
Plastiksäcke,Non-Food,yes
Plastiksäcklein,Non-Food,
Plastiksäckli,Non-Food,yes
Postiliste,Non-Food,
Postisäck,Non-Food,
Powerbank/Kabel,Non-Food,
Priisli,Non-Food,
Putzlappen,Non-Food,
Putzlappen (Lagerkiste),Non-Food,
Putzmittel,Non-Food,yes
Putzmitttel Küche (Lagerkiste),Non-Food,
Pürierstab,Non-Food,
Rechaud-Kerzen,Non-Food,yes
Rechaudkerzli,Non-Food,yes
Reste der Woche,Non-Food,
"reste, freestyle",Non-Food,
Resten von vergangenen Tagen,Non-Food,
Restenverwertung,Non-Food,
Rollen WC Papier,Non-Food,
rote Kleber (gluti),Non-Food,
Rundhölzer von ca. 3cm Druchmesser,Non-Food,
Rührkelle (gluti),Non-Food,
Sachen von GLK,Non-Food,
Sandwich Beutel,Non-Food,
Sandwich Verpackung,Non-Food,
Sandwich Verpackungen,Non-Food,
Sandwichbeutel,Non-Food,
Sandwichsäcke,Non-Food,
Sanitärreiniger,Non-Food,
Schere (Lagerkiste),Non-Food,
Schleifstein,Non-Food,
Schneidebrett,Non-Food,
Schneidebrett gross,Non-Food,
Schnur (Lagerkiste),Non-Food,
Schwamm,Non-Food,yes
Schwamm\&Bürsteli,Non-Food,
Schwämme,Non-Food,yes
Schwämme/Bürsteli,Non-Food,
schürtze,Non-Food,
Scneidebett (gluti),Non-Food,
Seckli Tageswanderungen,Non-Food,
Seife,Non-Food,yes
Servietten,Non-Food,yes
Siehe Ideen,Non-Food,
Smoker-Papier,Non-Food,
Solarpanels,Non-Food,
Sparschäler,Non-Food,
Spiess,Non-Food,
Spiesse,Non-Food,
Spiesse Holz,Non-Food,
Spiessli,Non-Food,
Spritzbeutel,Non-Food,yes
Spritzsack,Non-Food,
Spritzsack mit gezackter Tülle,Non-Food,
Spühlmittel,Non-Food,
Spüli,Non-Food,
Stahlwatte,Non-Food,
Stahlwolle,Non-Food,yes
Stampfer,Non-Food,
Sterile Handschuehe,Non-Food,
Sternenverzierung,Non-Food,
Stifte,Non-Food,
Streichhölzer oder Feuerzeug,Non-Food,
Strohhalm,Non-Food,
Säckchen,Non-Food,
Säcke,Non-Food,yes
Säckli,Non-Food,
Tafel und Stift,Non-Food,
Teller,Non-Food,yes
Tischset,Non-Food,
Topflappen,Non-Food,yes
Tschingächocher und inhalt,Non-Food,
Tupper,Non-Food,
Tupperware,Non-Food,
Tücher,Non-Food,
Umschlag C5,Non-Food,
verschliessbare Schalen,Non-Food,
Verzierungen für Grittibänz,Non-Food,
Vogelfutter,Non-Food,
Waage,Non-Food,
Waffeleisen,Non-Food,
Wallholz,Non-Food,
Waschlappen,Non-Food,
Waschmittel,Non-Food,yes
Wasserflasche,Non-Food,
Wasserflaschen (gross),Non-Food,
Wattenpad,Non-Food,
WC Papier,Non-Food,yes
Wc Papier (grosses Pack meeeeh),Non-Food,
Wc Papier (grosses Pack),Non-Food,
WC-Papier,Non-Food,yes
WC-Reiniger,Non-Food,
Wunderkerzen,Non-Food,
Wurst-Säckli,Non-Food,yes
Wursttellerli karton,Non-Food,
Wäscheklammern,Non-Food,yes
Zahnbürstli Ersatz,Non-Food,
Zahnstocher,Non-Food,yes
Zeitung,Non-Food,
zip lock bütel,Non-Food,
Zubehör Schnell-Creme,Non-Food,
Zundhölzli,Non-Food,
Zyliss,Non-Food,
Züri-Sack,Non-Food,yes
Öpfel schnitzli macher,Non-Food,
(tabasco),Saucen,
Aioli,Saucen,
Balsamicosauce,Saucen,
Barbecue Sauce,Saucen,
Barbecuesauce,Saucen,yes
Barilla Sauce Bolognese glutenfrei,Saucen,
BBC Sauce,Saucen,
BBC Sauce (TopCC),Saucen,
BBQ,Saucen,
BBQ Sauce,Saucen,
BBQ Saue,Saucen,
BBQ-Sauce,Saucen,
Bechamelsauce/Sauce Ideal Knorr,Saucen,
Beerentopping,Saucen,
Beschamelsauce,Saucen,
Bolognese,Saucen,
Bratsaucenpulver,Saucen,
Braune Sauce,Saucen,
Bruno Sauce,Saucen,
Bruno Sauce French,Saucen,
Burger Sauce,Saucen,
Burger Sauce oder BBQ,Saucen,
Burgersauce,Saucen,
Burgersauce (gross),Saucen,
Café de Paris Sauce,Saucen,
Caramelsauce,Saucen,
Carbonara Sauce,Saucen,
Carbonarra,Saucen,
Chilisauce,Saucen,
Chilisosse,Saucen,
Chilli cheese sauce fertig,Saucen,
Chilli-Sauce,Saucen,
Chipeno Sauce,Saucen,
Chipeno-Sauce,Saucen,
Cocktail Sauce,Saucen,
Cocktail Sause,Saucen,
Cocktailsauce,Saucen,yes
Cocktailsosse,Saucen,
Coktail Sauce,Saucen,
Currysauce,Saucen,
Dessertsauce,Saucen,
Dip,Saucen,
Dip verschiedene,Saucen,
Dipsauce,Saucen,
Dipsaucen verschiedene,Saucen,
Dipsosse,Saucen,
Fajitasauce,Saucen,
Fertigsauce,Saucen,
Fertigsauce (Salsa ...),Saucen,
Fertigsose,Saucen,
Französiche Saltsauce,Saucen,
Französische Sauce,Saucen,
French Dressing,Saucen,
"Gemüse-Dip (Haussauce, Cocktailsauce)",Saucen,
Gulaschsauce,Saucen,
Hamburgersauce,Saucen,
Haussauce spezial,Saucen,
Hoisin,Saucen,
Hoisin Sauce (enthält Gluten!),Saucen,
Hot Mex Sauce,Saucen,
Hot Mex Sauce (Migros),Saucen,
Italian Dressing,Saucen,
italienische Grundsauce,Saucen,
Italienische Sauce,Saucen,
Joghurtsauce,Saucen,
Katchup,Saucen,
katsu sauce,Saucen,
Ketchup,Saucen,yes
Ketchup/Tomatensauce,Saucen,
ketschup,Saucen,
Kikkoman Poke Sauce,Saucen,
Knoblisauce,Saucen,
Kräuterdip,Saucen,
Mayognese,Saucen,yes
Merretich-Mousse,Saucen,
Mexico Sauce Hot Hot Hot,Saucen,
Mild Mex Sauce,Saucen,
Mild Mex Sauce (Migros),Saucen,
Nacho Sauce mild,Saucen,
Nacho Sauce scharf,Saucen,
Napolisauce,Saucen,
Pad Thai Sauce,Saucen,
Pilzsauce,Saucen,
Pizzasauce,Saucen,
Pizzasauce Mutti,Saucen,
Pokesauce,Saucen,
Pokesauce (1L),Saucen,
Roux,Saucen,yes
Salatsosse,Saucen,
Salsa,Saucen,
Salsa Dip,Saucen,
Salsa mexicana,Saucen,
Salsa Sauce,Saucen,
Salsa Saucen,Saucen,
"Salsa, eine grosse für alle",Saucen,
Salsasauce,Saucen,
Sanwichsauce,Saucen,
Sauce,Saucen,
"Sauce (Ketchup, Mayo, Senf)",Saucen,
Sauce Bernaise (B+R),Saucen,
Sauce Bolognese,Saucen,
Sauce vor Zugabe Beutel Currysauce wegnehmen,Saucen,
Sauce:,Saucen,
Saucen,Saucen,
Saucen diverse,Saucen,
Saucen für Grill,Saucen,
Saucennn,Saucen,
Scharfe Sauce,Saucen,
Scharfe Sauce (1 Flasche),Saucen,
Schoggi-Sauce,Saucen,
Schoggisauce,Saucen,
Schokoladensauce,Saucen,
Siraccha Sauce,Saucen,
Siracha,Saucen,
Slasa,Saucen,
Spezialsösseli,Saucen,
Sriracha,Saucen,
Sriracha Sauce,Saucen,
Sriracha-Sauce,Saucen,
Sugo,Saucen,
Sugo vom Hof,Saucen,
Sweet Sour Sauce,Saucen,
Sweet-Chili-Sauce,Saucen,
Sweet-Chilli Sauce,Saucen,
Sweet-Sauer-Sauce,Saucen,
Sweetchili Sauce,Saucen,
Tabasco,Saucen,yes
Taco Salsa,Saucen,
Tartaresauce,Saucen,
Tartarsauce,Saucen,
Terjakisauce (Chnobli),Saucen,
Tomaten-Sauce,Saucen,
Tomatensalsa,Saucen,
Tomatensauce,Saucen,yes
Tomatensosse,Saucen,
Vanillesauce,Saucen,
weisse Grundsauce,Saucen,
Weisse Sauce,Saucen,
Weisse Sauce (Bon Chef),Saucen,
Weisse Saucenbasis,Saucen,
Weisses Saucenpulver,Saucen,
weitere Sauce für Hotdog,Saucen,
Worcestersauce,Saucen,
Worcestershire Sauce,Saucen,
Worcestershire-Sauce,Saucen,
(Toblerone),Süsses und Snacks,
1 Box Schläckzügs,Süsses und Snacks,
1 Pack Bounty,Süsses und Snacks,
1 Pack Twix,Süsses und Snacks,
2 Packungen salzige Knabbereien,Süsses und Snacks,
Alnatura Maiswaffeln,Süsses und Snacks,
Amarettikeks,Süsses und Snacks,
Apéro Häppchen,Süsses und Snacks,
Apéro zu den vier Jahreszeiten,Süsses und Snacks,
Baklava,Süsses und Snacks,
Balisto,Süsses und Snacks,yes
Ballisto,Süsses und Snacks,
Ballisto o.ä.,Süsses und Snacks,
Bananenchips,Süsses und Snacks,
Baumnuss,Süsses und Snacks,
Baumnusskerne,Süsses und Snacks,
"Baumnusskerne, grob gehackt",Süsses und Snacks,
Baumnüsse,Süsses und Snacks,yes
Berliner,Süsses und Snacks,yes
Beutel Creme,Süsses und Snacks,
Biberli,Süsses und Snacks,yes
Bislibuebe,Süsses und Snacks,
Bitterschokolade,Süsses und Snacks,yes
Blevita,Süsses und Snacks,yes
Blevita/Darvida,Süsses und Snacks,
Blevitta stangen,Süsses und Snacks,
Blévita,Süsses und Snacks,
Blévita Thymian-Meersalz (Portionen),Süsses und Snacks,
Blévitas,Süsses und Snacks,
Brezeli/ Knabberzeug,Süsses und Snacks,
Butterguetzli,Süsses und Snacks,
Butterkekse,Süsses und Snacks,
Butterwaffeln (M-Budget),Süsses und Snacks,
Butterwaffeln Aldi,Süsses und Snacks,
Bärentanzen,Süsses und Snacks,
Bärentatzen,Süsses und Snacks,yes
Bärentazen Migros,Süsses und Snacks,
Cacaopulver,Süsses und Snacks,
Cacopulver,Süsses und Snacks,
Caotina,Süsses und Snacks,
Caotina (hat es bereits vom PfiLa),Süsses und Snacks,
Caotina-Pulver,Süsses und Snacks,
Caramba,Süsses und Snacks,
Caramel flüssig (für Glace),Süsses und Snacks,
Caramel Würfeli,Süsses und Snacks,
Caramelwürfeli,Süsses und Snacks,
Carma Mousse Lemon Pulver,Süsses und Snacks,
Celebration o.Ä.,Süsses und Snacks,
Champagner -Truffes oder Lindor-Kugeln,Süsses und Snacks,
Chips,Süsses und Snacks,yes
Chips/Snacks,Süsses und Snacks,
Chips?,Süsses und Snacks,
Chocoly (Wernli),Süsses und Snacks,
Chrömli,Süsses und Snacks,
Chrömli (Brownies),Süsses und Snacks,
Coatina,Süsses und Snacks,
Cookies,Süsses und Snacks,yes
cookis,Süsses und Snacks,
Cornchips,Süsses und Snacks,
Cornet,Süsses und Snacks,
Cracker,Süsses und Snacks,
"Cracker, fischli",Süsses und Snacks,
Crackers,Süsses und Snacks,yes
Crea d' Or Feingebäck Bretzeli,Süsses und Snacks,
creme Quick (Migros),Süsses und Snacks,
"Cremepulver, wenn 1 Beutel = 5 Portionen",Süsses und Snacks,
Crème Patisserie,Süsses und Snacks,
Crèmepulver,Süsses und Snacks,
Darvida,Süsses und Snacks,
Darvida oder ähnliches,Süsses und Snacks,
Darwida,Süsses und Snacks,
Dessert,Süsses und Snacks,
Dessert glutenfrei,Süsses und Snacks,
Dessert Kuchen glutenfrei,Süsses und Snacks,
Dessert Laktose \& Mandel-Frei,Süsses und Snacks,
"Desserts und Leckereien (Kekse, Muffins, Schokolade)",Süsses und Snacks,
div. Quetschie,Süsses und Snacks,
diverse Chrömli,Süsses und Snacks,
Diverse Guezli,Süsses und Snacks,
Dolceneve,Süsses und Snacks,
Donut,Süsses und Snacks,
Doppelkeks,Süsses und Snacks,
Doppelkekse,Süsses und Snacks,
Drachenzungen blau,Süsses und Snacks,
Dubler,Süsses und Snacks,
Dunkle Schogolade,Süsses und Snacks,
dunkle Toblerone,Süsses und Snacks,
Einhorngumibärli (Vegan),Süsses und Snacks,
Erdbeermousse,Süsses und Snacks,
Erdbeerspaghetti,Süsses und Snacks,
Erdnuss,Süsses und Snacks,
Erdnussflips,Süsses und Snacks,
Erdnüsse,Süsses und Snacks,yes
Erdnüssli,Süsses und Snacks,yes
etwas gehackte Toblerone als Garnitur,Süsses und Snacks,
etwas süsses,Süsses und Snacks,
Evtl. Magdalenas,Süsses und Snacks,
evtl. Tortillachips,Süsses und Snacks,
Farmelstengel,Süsses und Snacks,yes
Farmer,Süsses und Snacks,yes
Farmer-Riegel,Süsses und Snacks,
Farmer-Stängel,Süsses und Snacks,
Farmer/Balisto,Süsses und Snacks,
Farmer/Maiswaffeln,Süsses und Snacks,
Farmer/Schoggistängeli/Snacks,Süsses und Snacks,
Farmerpack,Süsses und Snacks,
Farmerriegel,Süsses und Snacks,
Farmerstengel,Süsses und Snacks,yes
feine Caramelstücklis,Süsses und Snacks,
Fertig Creme,Süsses und Snacks,
Fischli,Süsses und Snacks,
Fizzers,Süsses und Snacks,
Flan Caramel,Süsses und Snacks,
Flips,Süsses und Snacks,
Fontäne,Süsses und Snacks,
Frelitta (Migros M-Classic),Süsses und Snacks,
Frelitta (Migros),Süsses und Snacks,
Fröschli,Süsses und Snacks,
Gebäckrolle MBudget Chrömli Leitergames,Süsses und Snacks,
Gebäckrollen,Süsses und Snacks,
gesalzene Erdnüsschen,Süsses und Snacks,
gesalzene Erdnüssen,Süsses und Snacks,
gesalzene Nüsse,Süsses und Snacks,
Getreideriegel,Süsses und Snacks,
GF \& LF-Alternative,Süsses und Snacks,
GF-Geburi Dessert,Süsses und Snacks,
Glutendessert,Süsses und Snacks,
glutenfreie biskuit,Süsses und Snacks,
glutenfreie Butterkekse,Süsses und Snacks,
Glutenfreie Riegel/Blevitas,Süsses und Snacks,
Glutenfreie Snacks,Süsses und Snacks,
glutenfreie Waffeln,Süsses und Snacks,
Glückskekse,Süsses und Snacks,
Goldfischli,Süsses und Snacks,
Grissini,Süsses und Snacks,
Grossmutterzungen (B+R),Süsses und Snacks,
Guetsli,Süsses und Snacks,yes
Guetzli,Süsses und Snacks,yes
Guezli,Süsses und Snacks,
Gumibächen,Süsses und Snacks,yes
Gumibärli,Süsses und Snacks,
gumisachen,Süsses und Snacks,
gummel,Süsses und Snacks,
Gummibärchen,Süsses und Snacks,yes
Gummibären,Süsses und Snacks,
Gummibären Augen,Süsses und Snacks,
Gummibären Würmer,Süsses und Snacks,
Gummibärli,Süsses und Snacks,
Gummibärli  (Programm),Süsses und Snacks,
Gummibärli (die feine vegane),Süsses und Snacks,
Gummibärli (inkl saure Ringe),Süsses und Snacks,
Gummibärli Abwasch,Süsses und Snacks,
Gummibärlipäckli,Süsses und Snacks,
Gummigedöns,Süsses und Snacks,
Gummigetier,Süsses und Snacks,
Gummiware,Süsses und Snacks,yes
Gummizeugs,Süsses und Snacks,
Gutzi,Süsses und Snacks,
Gutzi verschieden,Süsses und Snacks,
Gutzis,Süsses und Snacks,
Guzis,Süsses und Snacks,
Güetzi,Süsses und Snacks,yes
Güezi,Süsses und Snacks,
Halsbonbons,Süsses und Snacks,
Haribo,Süsses und Snacks,
Haribo Apfelringe,Süsses und Snacks,
Herzliche für Chueche,Süsses und Snacks,
Himbeer Roulade,Süsses und Snacks,
Jogurette,Süsses und Snacks,yes
Kakao,Süsses und Snacks,yes
Kakaonibs,Süsses und Snacks,
Kakaopulver,Süsses und Snacks,yes
Kakopulver,Süsses und Snacks,
Karamell-Creme,Süsses und Snacks,
Katjes,Süsses und Snacks,
Kaugummi,Süsses und Snacks,
Kaugummis,Süsses und Snacks,
Kekse,Süsses und Snacks,yes
Kinder Buenos (Edeka),Süsses und Snacks,
Kinderriegel,Süsses und Snacks,yes
Kinderschoggi oder so,Süsses und Snacks,
kleine Caramelwürfelchen,Süsses und Snacks,
kleine Waffeln,Süsses und Snacks,
Knabbereien,Süsses und Snacks,
Knabereien,Süsses und Snacks,
Knoppers,Süsses und Snacks,
Knoppers (Migros),Süsses und Snacks,
"Knusprige Snacks (Chips, Brezeln, Nüsse)",Süsses und Snacks,
Kochschoggi,Süsses und Snacks,
Kochschokolade,Süsses und Snacks,yes
Kuvertüre,Süsses und Snacks,
Kägi fret (o.ä.),Süsses und Snacks,
Kägifret,Süsses und Snacks,yes
Lakrize,Süsses und Snacks,
laktosefreie Milchschokolade,Süsses und Snacks,
Laktosefreie Schokoalde,Süsses und Snacks,
laktosefreie Schokolad,Süsses und Snacks,
Lebkuchen,Süsses und Snacks,
Leitersnacks,Süsses und Snacks,
Lollis,Süsses und Snacks,yes
Lotuskekse,Süsses und Snacks,
Löffelbiscouts,Süsses und Snacks,
Löffelbiscuit,Süsses und Snacks,
Löffelbiskuit gluti,Süsses und Snacks,
Löffelbiskuits,Süsses und Snacks,yes
Löffelbiskutis,Süsses und Snacks,
Löffelbisquit,Süsses und Snacks,
Löffelbisquit (Bio),Süsses und Snacks,
Löffelbisquit Glutenfrei (Coop),Süsses und Snacks,
M Buget Gutzli,Süsses und Snacks,
M&M's,Süsses und Snacks,yes
M&M`s,Süsses und Snacks,yes
M+M,Süsses und Snacks,
M-Budget Choco Petit Beurre,Süsses und Snacks,
M-Budget-Schoggi (Haselnuss),Süsses und Snacks,
M-Budget-Schoggi (hell),Süsses und Snacks,
M-Classic Frelitta,Süsses und Snacks,
M-classic Savoiardi,Süsses und Snacks,
M-Dessert,Süsses und Snacks,
M\&M,Süsses und Snacks,
M\&M's,Süsses und Snacks,
M\&M`s,Süsses und Snacks,
M\&Ms,Süsses und Snacks,
M\&M‘s ohne Nüsse,Süsses und Snacks,
Macadmianüsse gesalzen,Süsses und Snacks,
Madelaine,Süsses und Snacks,
Madelaines,Süsses und Snacks,yes
Madleina,Süsses und Snacks,yes
Madleinas,Süsses und Snacks,yes
Madleines,Süsses und Snacks,yes
Magdalenas,Süsses und Snacks,
Mailänder Guzli,Süsses und Snacks,
Mais-/Reiswaffeln,Süsses und Snacks,
Mais/Reiswaffeln (1 Pack),Süsses und Snacks,
Malteser,Süsses und Snacks,
Marchmelows,Süsses und Snacks,yes
Mars,Süsses und Snacks,yes
Marschmellows,Süsses und Snacks,
Marshmallow,Süsses und Snacks,yes
Marshmallows,Süsses und Snacks,yes
marshmellow,Süsses und Snacks,
Marzipanrüebli,Süsses und Snacks,
Mentos,Süsses und Snacks,yes
Merci-Schläki vegan,Süsses und Snacks,
Meringue,Süsses und Snacks,
Meringue (dürfen kapput sein),Süsses und Snacks,
Meringue gross,Süsses und Snacks,
Meringue?,Süsses und Snacks,
Meringues,Süsses und Snacks,
Merinque,Süsses und Snacks,
Migros Creme Quike,Süsses und Snacks,
Mikado Schokostäbchen,Süsses und Snacks,
Mikado-Schokostäbchen,Süsses und Snacks,
Mikados,Süsses und Snacks,
Milch- oder dunkle Schokoladenmouse,Süsses und Snacks,
Milchschoggi,Süsses und Snacks,
Milchschokolade,Süsses und Snacks,
Milchschokolade (für Schoggibananen),Süsses und Snacks,
Milchschokolade 100gr,Süsses und Snacks,
Militärbiscuit,Süsses und Snacks,
Militärguetzli,Süsses und Snacks,
Militärgüetzi,Süsses und Snacks,
Militärschoggi,Süsses und Snacks,
Mini Madalenas (24er Packig),Süsses und Snacks,
Minimarshmallows,Süsses und Snacks,
Mohrenkopf,Süsses und Snacks,
Mohrenköpfe,Süsses und Snacks,yes
Munz Prügeli,Süsses und Snacks,
Müesliriegel,Süsses und Snacks,
Nachochips,Süsses und Snacks,
Nachos,Süsses und Snacks,yes
Nachoschips,Süsses und Snacks,
Naturaplan Bio Nuss-Mix geröstet,Süsses und Snacks,
Naturchips,Süsses und Snacks,yes
"Nature (Chips, Zweifel)",Süsses und Snacks,
Nature Chips,Süsses und Snacks,yes
Nussmischung gesalzen Mitsuba,Süsses und Snacks,
Nussrollen,Süsses und Snacks,yes
Nussstängli,Süsses und Snacks,yes
Nusstängeli,Süsses und Snacks,
Onion Rings,Süsses und Snacks,yes
Oreos,Süsses und Snacks,
Ovo Rocks,Süsses und Snacks,
Ovosport,Süsses und Snacks,yes
Pack Lilibiggs Maiswaffeln,Süsses und Snacks,
Paprika Chips,Süsses und Snacks,yes
Paprikachips Familenpackung,Süsses und Snacks,
Partymix,Süsses und Snacks,yes
Pavesi,Süsses und Snacks,
Pombären,Süsses und Snacks,
Pommeschips,Süsses und Snacks,
Popconrmais,Süsses und Snacks,
Popcorn,Süsses und Snacks,yes
Popcorn-Mais,Süsses und Snacks,
Popcornmais,Süsses und Snacks,
Pringels,Süsses und Snacks,yes
Proteinriegel,Süsses und Snacks,
Proteinzügs,Süsses und Snacks,
Prucienes,Süsses und Snacks,
Prussiens,Süsses und Snacks,
Puddingcreme,Süsses und Snacks,yes
Reis-Crispies,Süsses und Snacks,
Reiswaffeln,Süsses und Snacks,yes
Riegel,Süsses und Snacks,yes
Riiswaffle,Süsses und Snacks,
Roulade marbrée,Süsses und Snacks,
Russicher,Süsses und Snacks,
Rädliguetzli,Süsses und Snacks,yes
Sables,Süsses und Snacks,
Salbeibonbons,Süsses und Snacks,
Saltziges,Süsses und Snacks,
Salz Chips,Süsses und Snacks,yes
Salz-Chips,Süsses und Snacks,
Salzbretzeli,Süsses und Snacks,
Salzfsichli Kambly,Süsses und Snacks,
Salzige Snacks,Süsses und Snacks,
Salziges,Süsses und Snacks,
Salznüsse,Süsses und Snacks,yes
Salznüssli,Süsses und Snacks,
Salzsnacks,Süsses und Snacks,
Salzstange,Süsses und Snacks,yes
Salzstangen,Süsses und Snacks,
Salzstangen mit Erdnussfüllung,Süsses und Snacks,
Salzstängeli,Süsses und Snacks,yes
Samichlaus (Schoggi),Süsses und Snacks,
Samrties gross (Geburi),Süsses und Snacks,
Saure Stangen,Süsses und Snacks,
Saure Zungge,Süsses und Snacks,
Savoiardi (Löffelbiscuit),Süsses und Snacks,
Schleckstengel,Süsses und Snacks,yes
Schläcki,Süsses und Snacks,
Schnell-Creme,Süsses und Snacks,
Schocki,Süsses und Snacks,yes
Schockipulver,Süsses und Snacks,
Schockistängeli,Süsses und Snacks,
Schockolade,Süsses und Snacks,yes
Schockoladencreme Pulver,Süsses und Snacks,
Schockoladenpullver,Süsses und Snacks,
Schockoladetafeln,Süsses und Snacks,
Schockopulver,Süsses und Snacks,
Schockostengel,Süsses und Snacks,
Schogggistengeli,Süsses und Snacks,
Schoggi,Süsses und Snacks,yes
Schoggi-Crème,Süsses und Snacks,
Schoggi-Pulver,Süsses und Snacks,yes
Schoggi-Schümli,Süsses und Snacks,
Schoggi-Stängeli,Süsses und Snacks,
Schoggibananen oä?,Süsses und Snacks,
Schoggicreme,Süsses und Snacks,
Schoggicreme Pulver,Süsses und Snacks,
Schoggicremepulver,Süsses und Snacks,
Schoggicremepulver zum kalt Anrühren,Süsses und Snacks,
Schoggicrème,Süsses und Snacks,
Schoggicrème zum kalt anrühren,Süsses und Snacks,
Schoggie-Würfel,Süsses und Snacks,
Schoggieili,Süsses und Snacks,
Schoggigreme Alternative Glutenfrei/Milcheiweiss,Süsses und Snacks,
Schoggigremepulver(Ovimousse?),Süsses und Snacks,
Schoggigs,Süsses und Snacks,
Schoggihasen,Süsses und Snacks,yes
Schoggikuss,Süsses und Snacks,
Schoggimousse vegan (3 Stk),Süsses und Snacks,
Schoggipulver,Süsses und Snacks,yes
Schoggireiswaffeln,Süsses und Snacks,
Schoggiriegel,Süsses und Snacks,
Schoggiriegel vegan,Süsses und Snacks,
Schoggisstängel,Süsses und Snacks,yes
Schoggistängeli,Süsses und Snacks,yes
Schoggistückli,Süsses und Snacks,yes
Schoggitafeln gross (400g),Süsses und Snacks,
schoggitafle,Süsses und Snacks,
Schoggitaller,Süsses und Snacks,yes
Schoggiwürfeli,Süsses und Snacks,yes
Schogiistängeli,Süsses und Snacks,
Schoki,Süsses und Snacks,
Schokko Pudding,Süsses und Snacks,
Schoko,Süsses und Snacks,
Schoko-Creme zum anrühren,Süsses und Snacks,
Schokoalde,Süsses und Snacks,
Schokobons (Höckfood),Süsses und Snacks,
Schokocreme,Süsses und Snacks,
Schokocrème,Süsses und Snacks,
Schokokuss,Süsses und Snacks,
Schokolade,Süsses und Snacks,yes
Schokoladen Mouse Beutel,Süsses und Snacks,
Schokoladencreme,Süsses und Snacks,
Schokoladencremepulver,Süsses und Snacks,
Schokoladencrème,Süsses und Snacks,
Schokoladenpudding,Süsses und Snacks,
Schokoladenpulver,Süsses und Snacks,yes
Schokoladenriegel,Süsses und Snacks,
Schokoladenstücke,Süsses und Snacks,
Schokoladentafel,Süsses und Snacks,
Schokoladentafeln,Süsses und Snacks,
Schokoladenwürfeli,Süsses und Snacks,
Schokoladestängeli,Süsses und Snacks,yes
Schokoladetafel,Süsses und Snacks,
Schokolinsen oder Maltesers,Süsses und Snacks,
Schokopulver,Süsses und Snacks,
Schokoriegel,Süsses und Snacks,yes
Schokoriegel/Schoggistängeli,Süsses und Snacks,
Schokostreusel als Topping,Süsses und Snacks,
Schokosträusel,Süsses und Snacks,
Schokostängel,Süsses und Snacks,
Schokostängeli,Süsses und Snacks,
Schokowürfel,Süsses und Snacks,
Scholokade dunkel 64%,Süsses und Snacks,
Schweizer Gold,Süsses und Snacks,
Schär Glutenfreie Darvida,Süsses und Snacks,
Schöggeli,Süsses und Snacks,yes
Schümli,Süsses und Snacks,
Scoggistängeli,Süsses und Snacks,
Silserli,Süsses und Snacks,
Skittles,Süsses und Snacks,
smartes regenbogen,Süsses und Snacks,
Smarties,Süsses und Snacks,yes
Smarties/blaue Toppings,Süsses und Snacks,
Snack,Süsses und Snacks,
Snacks,Süsses und Snacks,
Snacks für alle und Wanderung,Süsses und Snacks,
Snacks für Gruppe,Süsses und Snacks,
Snacks salzig,Süsses und Snacks,
Snacks süss,Süsses und Snacks,
Snicker/Mars/Twix,Süsses und Snacks,
Snickers,Süsses und Snacks,yes
Stengel (nicht Schockolade),Süsses und Snacks,
Streusel/Glitzer,Süsses und Snacks,
Studentenfutter,Süsses und Snacks,yes
Stäbli,Süsses und Snacks,
Sugus,Süsses und Snacks,yes
Süesses,Süsses und Snacks,
süschtigs gesnacke,Süsses und Snacks,
Süsses (Mars/Snickers/o.Ä.),Süsses und Snacks,
Süsses für Küche,Süsses und Snacks,
Süssigkeit,Süsses und Snacks,
Süssigkeiten,Süsses und Snacks,
Tafelschokolade,Süsses und Snacks,
Tam-Tam,Süsses und Snacks,
TamTam,Süsses und Snacks,
TamTam Caramelle,Süsses und Snacks,
Toblerone,Süsses und Snacks,
Toblerone schwarz,Süsses und Snacks,
"Toblerone, dunkel",Süsses und Snacks,
"Toblerone, weiss",Süsses und Snacks,
Tobleroneschokolade,Süsses und Snacks,
Topings,Süsses und Snacks,
Toppings,Süsses und Snacks,
Toppings Frozen Yoghurt (Saucen und Streusachen),Süsses und Snacks,
Tortilla-Chips,Süsses und Snacks,
Tortillachips,Süsses und Snacks,
Tortillas-Chips,Süsses und Snacks,
Traubenzucker,Süsses und Snacks,
Tuc,Süsses und Snacks,
"TUC Cracker, Brezeli klein",Süsses und Snacks,
Tuiles,Süsses und Snacks,
Twix,Süsses und Snacks,
Vanilcreme,Süsses und Snacks,
Vanille-Creme zum anrühren,Süsses und Snacks,
Vanille-Crème,Süsses und Snacks,
Vanillecreme,Süsses und Snacks,yes
Vanillecremepulver,Süsses und Snacks,
Vanillecrème nach Rezept zubereitet,Süsses und Snacks,
Vanillepudding,Süsses und Snacks,
vegan und glutunfreie Dessert,Süsses und Snacks,
Vegane Desserts,Süsses und Snacks,
Vegane Güezis/Früchte,Süsses und Snacks,
vegane Schoggimousse Andros,Süsses und Snacks,
veganes Schoggimouse,Süsses und Snacks,
Veganes Tiramisu,Süsses und Snacks,
Vegigummibärli (Höckfood),Süsses und Snacks,
verschiedene. Körnli,Süsses und Snacks,yes
Vollkornreiswaffeln M Classic,Süsses und Snacks,
Vollmilchkuvertüre,Süsses und Snacks,
Waffel,Süsses und Snacks,
Waffel (glacecornet),Süsses und Snacks,
Waffeln,Süsses und Snacks,
Waffeln gross,Süsses und Snacks,
Wahlnuss,Süsses und Snacks,
Wahlnüsse,Süsses und Snacks,
Walnüsse,Süsses und Snacks,
weisse Toblerone,Süsses und Snacks,
Weisseschokolade,Süsses und Snacks,
Weitere Toppings,Süsses und Snacks,
Wilisauerringli,Süsses und Snacks,
Willisauer Ringli,Süsses und Snacks,
Würfelzucker,Süsses und Snacks,yes
Zartbitterkuvertüre,Süsses und Snacks,
Zartbitterschokolade,Süsses und Snacks,yes
Znüni Badi,Süsses und Snacks,
Zoo Nuggets,Süsses und Snacks,
Zuckerstreusel blau,Süsses und Snacks,
Zuckerstreusel gelb,Süsses und Snacks,
Zweifel Natur Chip,Süsses und Snacks,
Zweifelchips Nature,Süsses und Snacks,
Zwiebelringe,Süsses und Snacks,
Überraschung Lisa,Süsses und Snacks,
(TK) Bohnen/Kefen,Tiefkühlprodukte,
3 Glacecakes,Tiefkühlprodukte,
Aprikosenhälften tiefgefrohren,Tiefkühlprodukte,
Asia Thai Mix (Migros),Tiefkühlprodukte,
Backofenpommes,Tiefkühlprodukte,
Beerenmischung,Tiefkühlprodukte,
Beerenmischung (TK),Tiefkühlprodukte,
Beerenmischung bio,Tiefkühlprodukte,
Beerenmischung TK,Tiefkühlprodukte,
Cornet/Stängelglace,Tiefkühlprodukte,
Dauphines,Tiefkühlprodukte,yes
Dumplings,Tiefkühlprodukte,
Eis/Glace?,Tiefkühlprodukte,
Eiswürfel,Tiefkühlprodukte,
Erbsen (gefroren),Tiefkühlprodukte,
Erbsen (TK),Tiefkühlprodukte,
Erbsen gefroren,Tiefkühlprodukte,
Erbsen tiefgefroren,Tiefkühlprodukte,
Erbsen tiefgekühlt,Tiefkühlprodukte,yes
Erbsen TK,Tiefkühlprodukte,
Erbsen(gefroren),Tiefkühlprodukte,
"Erbsen, gefroren",Tiefkühlprodukte,
Erdbeerglace,Tiefkühlprodukte,
Erdbeerglacee,Tiefkühlprodukte,
evtl. Sorbet → Vegan,Tiefkühlprodukte,
Falafel,Tiefkühlprodukte,yes
Falaffel,Tiefkühlprodukte,
Falaffel fixfertig,Tiefkühlprodukte,
Frozen Yoghurt,Tiefkühlprodukte,
Frucht-Sorbet,Tiefkühlprodukte,
Frühlingsrolle TopCC,Tiefkühlprodukte,
Frühlingsrollen,Tiefkühlprodukte,
gefrorene Blaubeeren,Tiefkühlprodukte,
gefrorene Erbsen,Tiefkühlprodukte,
Gemüsemix tiefgekühlt,Tiefkühlprodukte,yes
Glace,Tiefkühlprodukte,yes
"Glacen, diverse",Tiefkühlprodukte,
Glacé laktosefrei,Tiefkühlprodukte,
Glacé nach Wahl/Angebot,Tiefkühlprodukte,
Glacé Vanille,Tiefkühlprodukte,yes
Glasse,Tiefkühlprodukte,
Hackspinat,Tiefkühlprodukte,
Heidelbeern TK,Tiefkühlprodukte,
Himbeere (gefrohren),Tiefkühlprodukte,
ice cubes,Tiefkühlprodukte,
Kartoffeln(Pommes),Tiefkühlprodukte,
kleine Vegane Glaces (Sorbe?),Tiefkühlprodukte,
Kroketten,Tiefkühlprodukte,
Köttbullar TK,Tiefkühlprodukte,
M-Budget Beerenmischung,Tiefkühlprodukte,
M-Budget Erbsen (TK),Tiefkühlprodukte,
Marroni Geschält TK,Tiefkühlprodukte,
mini Frühlingsrollen,Tiefkühlprodukte,
Mini Pizzas,Tiefkühlprodukte,
Mini-Falafel (gekauft),Tiefkühlprodukte,
Minipizzas,Tiefkühlprodukte,
Mochi TK,Tiefkühlprodukte,
Mozarellasticks,Tiefkühlprodukte,
Mozzarella-Sticks,Tiefkühlprodukte,
Mozzarellastange,Tiefkühlprodukte,
Mozzarellasticks,Tiefkühlprodukte,
Ofenfrites,Tiefkühlprodukte,
Ofenfrittes,Tiefkühlprodukte,
Ofenpommes,Tiefkühlprodukte,
Parfait oder soo.,Tiefkühlprodukte,
Pizza,Tiefkühlprodukte,yes
Pommes,Tiefkühlprodukte,yes
Pommesfrites,Tiefkühlprodukte,
Potato Cuts / Wedges,Tiefkühlprodukte,
Rahmglace,Tiefkühlprodukte,
Rahmspinat,Tiefkühlprodukte,yes
Raketenglacé,Tiefkühlprodukte,
Röstigaletten,Tiefkühlprodukte,
Samosas gefroren für frittöse,Tiefkühlprodukte,
Schockoladeneis,Tiefkühlprodukte,
Schoggiglace,Tiefkühlprodukte,
Schoggiglacee,Tiefkühlprodukte,
Schoggiglacé,Tiefkühlprodukte,
Schokoladenglace,Tiefkühlprodukte,
Sorbet,Tiefkühlprodukte,
Sorbet vegan,Tiefkühlprodukte,
Stängelglace,Tiefkühlprodukte,yes
Stängeli-Glace,Tiefkühlprodukte,
stängeliglace,Tiefkühlprodukte,
Stängeliglacé,Tiefkühlprodukte,
Sweet Potato Fries,Tiefkühlprodukte,
Thai-Mix,Tiefkühlprodukte,
tiefgefrorene Erbsen,Tiefkühlprodukte,
tiefgekühlte Beerenmischung,Tiefkühlprodukte,
Tiefgekühlte Erbsen,Tiefkühlprodukte,
tiefgekühlte Fleischlasagne glutenfrei,Tiefkühlprodukte,
tiefgekühlte geschälte Marroni,Tiefkühlprodukte,
tiefgekühlte Marroni,Tiefkühlprodukte,
Tiefkühl Erbsen,Tiefkühlprodukte,
Tiefkühl-Erbsen,Tiefkühlprodukte,
Tiefkühlbeeren,Tiefkühlprodukte,
Tiefkühlbeeri,Tiefkühlprodukte,yes
Tiefkühlberie,Tiefkühlprodukte,
Tiefkühlerbsen,Tiefkühlprodukte,
Tiefkühlerbsen / Erbsen,Tiefkühlprodukte,
Tiefkühlerbsli,Tiefkühlprodukte,
Tiefkühlhimbeeren,Tiefkühlprodukte,
TK Erbsen,Tiefkühlprodukte,
TK-Beeren,Tiefkühlprodukte,yes
TK-Erbsen,Tiefkühlprodukte,
TK-Himbeeren,Tiefkühlprodukte,
TK-Pflaumen,Tiefkühlprodukte,
Vanille-Rahmglace,Tiefkühlprodukte,
Vanilleeis,Tiefkühlprodukte,
Vanilleglace,Tiefkühlprodukte,
Vanilleglacee,Tiefkühlprodukte,
Vanilleglacé,Tiefkühlprodukte,
Vanilleglacé (2l Kübel),Tiefkühlprodukte,
Vanillieeis,Tiefkühlprodukte,
Wasserglace,Tiefkühlprodukte,
